BoreholeID,Easting,Northing,Elevation,TotalDepth,AlternateID
1,5927870.4,1965737.1,292.9812003,180.008784,20S08E07E01
10006,5916069.8,2002267.3,255.3131458,220.010736,19S07E03H02
10010,5903934.3,2005132,261.8523377,420.020496,19S07E05B02
10011,5913906.3,1994833.5,320.0969905,245.011956,19S07E10P01
10016,5921189.4,1994468.2,262.7511229,248.0121024,19S07E13D03
10022,5921387.9,1974709.7,276.5493276,700.03416,19S07E36N01
10025,5944321.4,1977975.8,393.1709257,473.0230824,19S08E27N03
10030,5936239.1,1977282.7,400.1885846,564.0275232,19S08E32A01
10032,5941681.9,1974840.7,382.1211949,520.025376,19S08E33J02
10033,5938775.4,1973236,386.5403966,600.02928,19S08E33P01
10039,5936005.3,1968031.7,343.2209807,372.0181536,20S08E05R01
10046,5932454.9,1967841.4,320.6151936,316.0154208,20S08E08C01
10047,5932417.9,1967797.8,320.1478034,306.0149328,20S08E08C02
10051,5936398.6,1965801.9,302.9056455,116.0056608,20S08E08H02
10052,5936161.4,1963291.1,324.0051528,214.0104432,20S08E08M01
10065,5933174.8,1957491,313.3030349,70.003416,20S08E17P01
1007,5792347.6,2124223.3,63.45362496,452.0220576,15S/03E-15B01
10072,5957732.9,1953428.9,411.8824481,238.0116144,20S08E24J02
10077,5944073.4,1944383.4,460.4829145,432.0210816,20S08E34G01
1010,5812049.6,2125167.8,103.9591986,773.0377224,15S04E08L01
10103,5993382.2,1892223.2,532.1368407,192.0093696,22S10E17N01
10117,6006368,1880052.7,472.590674,300.01464,22S10E34B01
1014,5810620.1,2130924.8,104.2017854,600.02928,15S04E05M01
10140,5746795.5,2179888.6,12.88120561,508.0247904,13S02E19R01
10142,5748890,2182098.6,21.35481038,600.02928,13S02E20M02
10150,5748163,2179753.4,11.62047434,550.02684,13S02E29C02
10158,5745414,2171755.3,12.88104897,568.0277184,13S/02E-31K02
10163,5748393,2171789.8,11.36944326,885.043188,13S/02E-32E03
10164,5748683,2171142.3,7.974724075,1610.078568,13S/02E-32E05
10166,5749390.5,2170008.8,12.0918264,561.0273768,13S/02E-32P01
10167,5755373.5,2172501.6,26.95754965,115.005612,13S/02E-33G01
10191,5746864,2163233.8,12.74670597,604.0294752,14S/02E-06R02
1020,5808688.6,2107322.2,79.70951166,335.016348,15S/04E-31A02
1022,5796335.1,2123068,67.30712827,245.011956,15S03E14C01
1026,5879901.3,2003242.8,421.5099829,400.01952,18S06E34N50
10263,5795690.6,2151793.6,108.5362243,737.0359656,14S03E14N01
10266,5792547.6,2152865.8,109.115616,780.038064,14S/03E-15K03
10317,5796749.6,2122660.7,67.28251051,262.0127856,15S03E14G01
1033,5790587.6,2121968.5,58.4705889,520.025376,15S03E15G02
10353,5816789.6,2122451.5,155.0321463,381.0185928,15S04E16C01
10359,5812829.1,2117356.5,97.21206451,380.018544,15S04E20B03
10366,5829357.7,2116367.7,254.734543,250.0122,15S04E23H01
10369,5814572.6,2110566.5,100.7084936,324.0158112,15S/04E-29H02
10377,5823315.2,2100913.5,122.8897935,250.0122,16S/04E-03G01
10382,5822079.7,2096779.4,108.7267374,302.0147376,16S04E10C01
10386,5833243.7,2096423.6,190.7385356,630.030744,16S04E12B01
10389,5820927.2,2091033.2,103.0564312,384.0187392,16S04E15D01
10392,5815015.6,2088432.9,105.5017669,170.008296,16S04E16E01
10407,5842589.7,2097010.2,268.2978802,445.021716,16S05E08C01
10449,5847215.6,2053738.9,141.9881969,178.0086864,17S/05E-21A01
10455,5868464.7,2056412.1,190.4889592,705.034404,17S06E18G01
1046,5771196.1,2161618.3,60.05858271,672.0327936,14S/02E-12B01
10473,5872822.3,2029043.1,239.8289168,131.0063928,18S/06E-08K01
10479,5896435.8,2030097.9,224.4343222,244.0119072,18S/06E-12A01
10486,5881193.3,2011593,366.6582008,502.0244976,18S06E27N01
10504,5934938.4,1983424.2,409.4141062,690.033672,19S08E29K01
10505,5935251.4,1972543.9,363.6852386,258.0125904,20S08E05A01
10507,5932503.4,1967898.7,321.1388866,300.01464,20S08E05P01
10509,5948351.4,1959969.8,343.3824834,220.010736,20S08E14F02
1051,5785355.6,2124986,58.26074689,296.0144448,15S/03E-09P01
10512,5953950.9,1952897.2,362.3546787,160.007808,20S08E24L03
10523,5794419.8,2119789.8,58.3436082,536.0261568,15S03E14N
10524,5793103.9,2121196,60.16267094,555.027084,15S03E15J
10530,5901885.5,2000566.2,284.1017753,352.0171776,19S07E05P50
10531,5902758.9,1995231.3,357.2267717,352.0171776,19S07E08P50
10532,5910810.7,1997752,315.2666182,404.0197152,19S07E09H
10533,5902507.8,1987323.4,565.6300423,1000.0488,19S07E20F50
10534,5924508,1980308,282.0713476,155.007564,19S07E25K01
10535,5923151.8,1979024.1,268.484236,164.0080032,19S07E25P01
10539,5917963.1,1980437.9,338.6251868,711.0346968,19S07E26L01
10543,5924331.1,1975068.5,269.3662745,184.0089792,19S07E36K01
10545,5930382.4,1985816.8,364.3399306,348.0169824,19S08E19K02
10550,5930846.2,1973542.6,318.4147664,248.0121024,19S08E31R01
10555,5935335.5,1976439.7,386.1353046,418.0203984,19S08E32G02
10574,5909322.9,1942315.4,742.8512504,34.0016592,20S07E33R50
10576,5914667.6,1946072.4,675.9697979,129.0062952,20S07E34A50
10580,5914645.8,1944769.3,786.6887844,150.00732,20S07E34H50
10581,5910643.1,1942278.7,996.5899291,270.013176,20S07E34N50
10595,5945771.6,1972081.6,574.4829341,566.0276208,20S08E03B02
10598,5934450.2,1969540.3,337.0626796,308.0150304,20S08E05K50
1060,5762406,2141102,34.66988697,670.032696,14S02E34A03
10600,5932536,1969929.2,329.5389268,242.0118096,20S08E05M02
10609,5930717.4,1966348.1,304.3666495,268.0130784,20S08E07A50
10610,5930697.8,1965556.9,303.2183785,229.0111752,20S08E07H01
10611,5929341.2,1964272.6,281.7469787,210.010248,20S08E07K01
10618,5931468.2,1965298.4,310.537547,204.0099552,20S08E08E03
10619,5933181.8,1967048.1,322.3206875,60.002928,20S08E08C50
10620,5933181.8,1967048.1,322.3206875,61.0029768,20S08E08C51
10621,5933181.8,1967048.1,322.3206875,61.0029768,20S08E08C52
10622,5935101.3,1965848.7,329.7033818,108.0052704,20S08E08G02
10624,5931899.3,1964330.2,309.3573255,242.0118096,20S08E08M02
10625,5933263.3,1962808.9,302.8348331,93.0045384,20S08E08P01
10639,5936841,1965788.5,334.784939,192.0093696,20S08E09E04
10640,5936831.2,1965344.5,331.6637235,196.0095648,20S08E09E05
10648,5952880.2,1956904.2,343.9087257,168.0081984,20S08E13N01
10651,5949013.7,1959652.9,377.8750325,200.00976,20S08E14F01
10652,5950698.6,1958475.1,336.6603194,124.0060512,20S08E14K50
10653,5948927.3,1957022.1,322.8865012,130.006344,20S08E14P01
10654,5950671.5,1957144.5,322.8825749,88.0042944,20S08E14Q50
10655,5951582.2,1956943,319.238282,161.0078568,20S08E14R01
1066,5758266,2148448,26.51965764,189.0092232,14S02E22M50
10660,5938329.5,1958779.8,305.8634955,110.005368,20S08E16L50
10668,5927953.9,1958983.7,373.1948616,116.0056608,20S08E18L01
10669,5928376.8,1959414.8,365.2849865,120.005856,20S08E18L02
10684,5935741.6,1954757.8,300.1114986,220.010736,20S08E20H01
10690,5956728.9,1953289.8,413.6393406,200.00976,20S08E24J03
10695,5954535.6,1949252.7,396.3665491,35.001708,20S08E25D50
10698,5951950.3,1950509.7,309.2186998,35.001708,20S08E26A50
10700,5951950.3,1950509.7,309.2186998,35.001708,20S08E26A51
10701,5947909.1,1950897.8,328.1070192,224.0109312,20S08E26D02
10702,5951382.8,1949053.1,313.2947757,58.0028304,20S08E26H01
10703,5951926.1,1949203.2,315.3358811,104.0050752,20S08E26H51
10704,5951926.1,1949203.2,315.3358811,95.004636,20S08E26H52
10705,5951926.1,1949203.2,315.3358811,105.005124,20S08E26H53
10717,5952568.3,1943766,342.880623,178.0086864,20S08E36E01
10718,5955733,1943883.5,0,450.02196,20S08E36G50
10738,5959092.9,1942286.6,402.9429062,124.0060512,20S09E31L01
10739,5959472.2,1941080.7,0,266.0129808,20S09E31P50
10741,5967690.4,1941836.9,495.7317548,310.015128,20S09E32J50
10753,5966804,1935391.2,390.1919487,112.0054656,21S09E05R01
10756,5986653.8,1885742.7,1161.961195,140.006832,21S09E25A01
108,5814177.1,2096904.7,77.71574753,196.0095648,16S04E08
1084,5797585.1,2111909,62.98900635,208.0101504,15S03E26H02
1087,5802243.9,2112255,61.50787034,820.25,1087
1088,5804763.2,2110079.9,71.20211218,820.25,15S/04E-30M02
109,5788428.6,2153445.1,105.9667947,828.0404064,14S03E16J02
1090,5804891.8,2114040.4,56.68522281,290.014152,15S04E19N01
1095,5794337.9,2125014.5,66.01917796,484.0236192,15S/03E-11N03
1096,5794924.4,2124474.5,66.6348461,274.0133712,15S/03E-14D01
1097,5794086.6,2122977.3,63.20968441,189.0092232,15S/03E-14E01
1099,5798148.4,2120084.5,70.68934952,820.25,1099
1109,5746666.5,2159412.6,36.57234141,564.0275232,14S02E07J02
1123,5778784.1,2164191.8,96.58859479,620.030256,14S/03E-06J02
1125,5933458.9,1964313.6,323.5416285,100.00488,20S08E08Q02
113,5766859,2143887.3,34.72511106,552.0269376,14S/02E-26J03
1130,5905145.4,2011487.4,263.2016112,316.0154208,18S07E29R50
1138,5933144.4,1965951.1,324.3695422,227.0110776,20S08E08F01
1141,5931856.4,1967150.7,315.3769568,300.01464,20S08E08D50
1148,5778632.6,2135926,46.10802844,650.03172,14S/03E-32N04
1157,5750315,2164896.3,12.74324846,510.024888,14S/02E-05K01
1162,5748905,2167136.8,12.74343151,580.028304,14S/02E-05C03
1167,5778422.6,2161666.1,91.72843234,550.02684,14S/03E-07A01
1169,5749796,2166854.8,12.74324846,582.0284016,14S/02E-05F04
1185,5844886.7,2074492.3,135.9564619,347.0169336,16S05E32H02
1191,5767668,2150062.3,32.73413972,474.0231312,14S/02E-23H04
1201,5853907.2,2048138,256.8236461,265.012932,17S05E27A01
1203,5791882.1,2132401.8,63.16355318,706.0344528,15S03E03G50
1205,5762685.5,2149781.3,32.2576048,180.008784,14S02E22H02
1207,5870445.2,2040167,168.9553149,259.0126392,17S/06E-32E02
1209,5785744.1,2131176.3,57.29821689,570.027816,15S03E04K03
1229,5791078.1,2126293.5,62.78233004,820.25,1229
1230,5828077.2,2109897,237.7900519,621.0303048,15S04E26K01
1233,5749131.5,2163758.6,12.9738373,606.0295728,14S02E05P02
124,5816382.1,2122608.2,150.9529777,776.0378688,15S04E16D01
1242,5781434.6,2155676.8,94.46610202,800.03904,14S03E17C50
1252,5808803.6,2097191.4,172.7323039,421.0205448,16S/04E-07A01
1255,5743796,2160384.8,10.33579749,632.0308416,14S/02E-07L05
1257,5743791.5,2159332.3,10.10094972,645.031476,14S/02E-07L04
126,5878330.3,2047324.1,205.750557,750.0366,17S/06E-28B50
1262,5776427.1,2125256,48.3580479,465.022692,15S03E08T50
1265,5889443.8,2005644.9,340.1014111,500.0244,19S06E02A01
127,5833968.2,2083813.7,113.1457279,630.030744,16S04E24J51
1274,5931282.4,1981949.8,311.0027546,228.0111264,19S08E30A01
1279,5884282.8,2005844.3,285.6688988,400.01952,18S06E34R01
1281,5810355.6,2126220.8,87.60416238,663.0323544,15S04E08M03
1282,5769681.5,2146863,40.37973085,454.0221552,14S/02E-24P02
1287,5834452.2,2075169.7,112.9224178,302.0147376,16S/04E-36A01
1290,5805227.1,2128998,74.07655923,412.0201056,15S04E07D50
1301,5792331.6,2127353.3,63.88458658,332.0162016,15S03E10G01
13024,5749641.6,2176843.4,0,656.0320128,13S02E29F50
1304,5783717.6,2120939.7,64.44454074,688.0335744,15S03E16T52
13060,5744498.6,2172106.4,12.22485758,605.029524,13S/02E-31L01
13073,5748878.5,2173585.7,10.1733985,885.043188,13S02E32E02
1308,5873257.8,2027078.9,310.8366262,515.025132,18S/06E-08R01
13084,5751002.6,2171029.5,12.22500623,680.033184,13S02E32Q03
1309,5818148.6,2091224.6,88.4752074,493.0240584,16S/04E-16B51
13096,5754017.6,2170910,12.55310592,227.0110776,13S02E33N02
1311,5926909.9,1985837.6,274.2956913,222.0108336,19S07E24H02
1320,5953407.9,1956070.2,363.5828338,152.0074176,20S08E24D01
1326,5786930.6,2145253.8,43.22818331,588.0286944,14S03E28B02
1330,5921679.4,1974684.7,273.4040172,280.013664,19S07E36M02
1349,5927586.9,1983410.3,276.6065246,200.00976,19S08E30D01
1355,5845210.2,2090376.7,213.7517239,960.046848,16S05E17A51
1358,5785490.6,2146975.3,71.73001364,562.0274256,14S03E21M54
1359,5783245.1,2121392.5,58.96127262,206.0100528,15S/03E-16M01
136,5870290.7,2039524.8,171.2163387,188.0091744,17S06E32M01
1360,5780641.6,2122754.5,53.38449171,217.0105896,15S03E17G01
1361,5937434.9,1965138.3,339.263731,216.0105408,20S08E09E06
137,5750275,2166295.3,12.74324846,624.0304512,14S/02E-05G02
13719,5784335.4,2183852.5,0,320.015616,13S03E17R54
1377,5791248.1,2159582.3,150.1811529,708.0345504,14S03E10F03
1394,5937519.4,1965416.1,342.3887027,188.0091744,20S08E09E08
13S02E28B01,5755634.5,2177913.4,15.80711199,820.25,13S/02E-28B01
13S02E28E01,5752995.5,2176439.4,12.62128364,820.25,13S/02E-28E01
13S02E28M02,5753458.5,2176002.4,11.71038653,820.25,13S/02E-28M02
13S02E29J01,5751483.5,2175789.4,12.88120561,820.25,13S/02E-29J01
13S02E32J03,5752350.5,2171086.3,12.55310592,820.25,13S/02E-32J03
13S02E32M02,5748684.5,2170969.3,7.89702953,820.25,13S/02E-32M02
13S02E32N01,5747296.5,2169137.3,12.88282246,820.25,13S/02E-32N01
13S03E32Q01,5782452.6,2168312.3,75.60775666,820.25,13S/03E-32Q01
1401,5768051,2145604.8,33.06774397,488.0238144,14S/02E-25E02
1407,5805159.1,2131250.3,83.78656364,915.044652,15S04E06M50
14194,5781337.7,2169487.5,0,590.028792,13S03E32L50
1421,5811435.6,2097245.4,107.3887138,338.0164944,16S/04E-08C02
1425,5775273.6,2162291.1,77.44667608,600.02928,14S02E01T50
1426,5808678.6,2128116.5,87.26584657,772.0376736,15S04E07A01
14316,5772857.3,2164648,67.40105521,356.0173728,14S02E01K50
14326,5764000.5,2166288.3,22.41205806,532.0259616,14S/02E-02E02
1433,5873929.8,2039204,185.2219527,216.0105408,17S/06E-32Q01
14355,5748948,2166794.1,12.74340342,576.0281088,14S02E05C02
1437,5789274.1,2112122.2,97.4933667,652.0318176,15S03E27E03
14465,5771833,2156675.5,43.04894654,548.0267424,14S/02E-13B50
14487,5767676.9,2153359.5,52.84455441,560.027328,14S/02E-14J50
1453,5928454.9,1965896.6,295.1831486,189.0092232,20S08E07F01
14544,5762035.5,2150921.1,32.49984091,1718.083838,14S02E22K01
14565,5772968.1,2148634.1,32.40868957,308.0150304,14S/02E-24J03
1460,5764622,2154424.1,22.76001957,660.032208,14S/02E-14L03
1464,5753110,2162250.8,15.31142164,542.0264496,14S02E09D03
1466,5750066.5,2162041.1,12.76558147,556.0271328,14S/02E-08C03
147,5799846.1,2120079.2,65.10395592,275.01342,15S03E13N01
14746,5791822.6,2167045.1,182.5161042,670.032696,14S03E03C50
1480,5778454.6,2122177.5,43.74443397,271.0132248,15S03E17M01
14817,5777956.6,2162306.6,89.13639219,934.0455792,14S03E07A50
14824,5775648.6,2159482.3,72.69466091,690.033672,14S/03E-07L01
14873,5793041.1,2159425.1,151.5632678,200.00976,14S03E10G02
14879,5790185.2,2158291.1,142.7024275,636.0310368,14S/03E-10N01
14901,5798157.2,2161086.4,0,405.019764,14S03E11B02
14903,5799477.7,2159741.6,0,244.0119072,14S03E11H02
14948,5797367.6,2159421.1,137.9248255,460.022448,14S03E14C01
14950,5790403.9,2149154.6,82.71164326,240.011712,14S03E14M01
14963,5772833.3,2149935.6,57.18953239,800.03904,14S/03E-15G01
14964,5791382.8,2152773.4,105.1994858,373.0182024,14S03E15H02
14967,5791382.8,2152773.4,105.1616901,750.0366,14S/03E-15P01
14981,5767676.9,2153359.5,52.48844791,930.045384,14S03E16E01
14983,5785064.8,2154924.3,101.1403099,660.032208,14S/03E-16E51
14985,5789066.8,2155673.1,91.89159547,1000.0488,14S/03E-16H01
14S/02E-16G01,5755523.953,2156217.554,22.73328557,800,
14S/02E-17K1,5749725.342,2154474.932,103.385829,800,
14S/02E-20B1-3,5749985.759,2151371.634,143.5561668,800,
14S/02E-21E1,5753219.266,2149698.457,135.4496426,800,
14S/02E-21N1,5752199.3,2147463.213,132.9906031,800,
14S/02E-28C1,5753262.669,2145293.075,33.9264024,800,
14S/2E-10M2,5758149.821,2159494.463,27.12439635,800,
14S/2E-22K,5760177.042,2149745.747,23.24324972,800,
14S/2E-27N1,5757338.5,2142011.372,26.12088309,800,
14S/2E-28H2,5756947.875,2145370.747,26.11965105,800,
14S/2E-33Q,5754994.75,2137297.831,151.6755579,800,
14S01E13J02,5741228.5,2154083.3,36.37164831,820.25,14S/01E-13J02
14S01E24L05,5738673.5,2149683.3,61.16270908,820.25,14S/01E-24L05
14S01E24L53,5738265.5,2149254.3,37.36690513,820.25,14S/01E-24L53
14S02E07A02,5747136.5,2161697.3,12.62332327,820.25,14S/02E-07A02
14S02E07F02,5743507.5,2160719.3,9.277876417,820.25,14S/02E-07F02
14S02E12E01,5772591.6,2145649.3,43.76558403,820.25,14S/02E-12E01
14S02E13F02,5770993.6,2154738.3,42.67220585,820.25,14S/02E-13F02
14S02E13G01,5772070.6,2155498.3,48.05323069,820.25,14S/02E-13G01
14S02E15A01,5762062.5,2156984.3,28.99772213,820.25,14S/02E-15A01
14S02E15C02,5759346.5,2157216.3,23.0895422,820.25,14S/02E-15C02
14S02E18E01,5742798.5,2156373.3,29.41963071,820.25,14S/02E-18E01
14S02E26A06,5767278.5,2145932.3,32.73453778,820.25,14S/02E-26A06
14S03E11E51,5794835.6,2159296.3,155.3819564,820.25,14S/03E-11E51
14S03E22D01,5790082.6,2152145.3,100.505116,820.25,14S/03E-22D01
14S03E22E51,5790088.6,2149263.3,83.71310012,820.25,14S/03E-22E51
14S03E28N01,5783806.6,2140841.3,52.74829954,820.25,14S/03E-28N01
14S03E28N03,5784097.6,2142503.3,48.54891682,820.25,14S/03E-28N03
14S03E33Q01,5786118.6,2137639.3,52.86768861,820.25,14S/03E-33Q01
15006,5785224.6,2153022.3,95.46134445,698.0340624,14S03E17J03
15067,5787323.2,2150167.9,91.79852888,700.03416,14S03E21G01
1508,5795984.6,2113230.7,63.05281899,166.5081252,15S03E26C01
15080,5789951.9,2148711.8,83.06492907,615.030012,14S03E22M01
15081,5790403.9,2149154.6,82.71164326,618.0301584,14S03E22M02
15097,5802809.1,2145854,164.8454236,543.0264984,14S03E24Q01
151,5870845.3,2033742.1,189.5755854,303.0147864,18S/06E-05L01
15149,5785791,2142456.4,44.57308677,273.0133224,14S03E28P03
1515,5828971.7,2108305,250.2432274,608.0296704,15S04E26R01
1518,5793749.6,2127880,60.65580245,820.25,1518
1521,5757214.5,2161609.8,13.1857906,498.0243024,14S02E09H02
1525,5776086.1,2124741.8,46.44726737,171.0083448,15S03E18B01
1528,5822968.2,2090073.2,105.4729452,584.0284992,16S04E15G01
1529,5774557.1,2125048,46.04531454,206.0100528,15S/03E-18C02
15330,5806085.6,2139034.5,139.3191626,1016.049581,14S/04E-31E02
15338,5809655.2,2136856,0,915.044652,14S04E31J50
1534,5752407,2163651.3,13.38773439,653.0318664,14S/02E-05R03
15345,5812352.6,2139730.1,142.7494349,229.0111752,14S04E32C01
15352,5813562.4,2135579,135.6100115,349.0170312,14S04E32Q01
15353,5814014.1,2136018.6,139.9114797,337.0164456,14S04E32Q02
154,5811010.6,2113441.5,90.61848122,652.0318176,15S/04E-20N01
1540,5794722.1,2122517.2,62.83039098,235.011468,15S/03E-14E02
1549,5753376.5,2163117.1,14.35651694,658.0321104,14S02E04N03
1550,5829463.7,2110278,256.9457897,545.026596,15S04E26G01
1556,5814958.6,2108943.5,92.48119931,620.030256,15S/04E-29R01
1557,5811482.6,2120964.5,104.4975637,860.041968,15S04E17L50
15571,5768307.8,2133081.1,34.44581317,420.020496,15S/02E-01M01
15614,5757938.5,2134762.7,165.5713569,540.026352,15S02E03E50
1562,5828056.7,2093360.3,110.21705,631.0307928,16S/04E-11K01
1563,5957573.9,1941999,343.1824312,44.0021472,20S08E36R01
1566,5765589,2146969,32.73453778,500.0244,14S02E23Q50
15661,5801537,2134633.7,73.45058727,436.0212768,15S03E01C01
15662,5801988.8,2135065.8,92.62848481,110.005368,15S03E01C02
15684,5792623.6,2132712.4,62.00717218,350.01708,15S/03E-03K02
15722,5785583,2133845.2,55.18300403,495.024156,15S03E04F01
1576,5802702.6,2142041.3,142.9214487,543.0264984,14S03E25Q01
15779,5781937.3,2130405.9,49.58765491,210.010248,15S03E08B02
1579,5767813.5,2148884.3,32.73413972,638.0311344,14S/02E-23J50
1580,5830628.7,2107700,258.5576049,475.02318,15S04E25N01
15807,5784087,2128547.4,52.59902216,245.011956,15S03E09E01
15809,5783659.5,2129007.1,52.54260234,159.0077592,15S03E09E04
1584,5830076.7,2106490,243.2790256,630.030744,15S04E36D52
15851,5797058.6,2128534.3,61.10753147,490.023912,15S/03E-11G01
15892,5803828.2,2121643.3,74.13894219,270.013176,15S/03E-13J03
15988,5787097,2124880.8,60.07762464,248.0121024,15S03E16B02
15S/03E-28A01,5787786.094,2113059.224,81.03338811,2500,
15S/2E-12A1,5772104.125,2129901.997,42.87671762,800,
15S/2E-2L,5764447.875,2132766.58,37.17283681,800,
15S/2E-4A,5755984.333,2135943.664,163.1972554,800,
15S/2E-4C,5753598.917,2135839.497,168.3268752,800,
15S03E14N,5794419.8,2119789.8,58.34360818,820.25,15S/03E-14N
15S03E15J,5793103.9,2121196,60.16267005,820.25,15S/03E-15J
15S03E17H,5782445,2123020.1,55.58193799,820.25,15S/03E-17H
15S03E22C,5790218.9,2118539.9,62.97146853,820.25,15S/03E-22C
15S03E26KA,5796750.1,2110286.7,71.27302848,820.25,15S/03E-26KA
15S03E27D,5788799.6,2113168.5,43.04907904,820.25,15S/03E-27D
15S04E29L,5812694.1,2110158.1,92.97821396,820.25,15S/04E-29L
15S04E31H,5805490.7,2104451.5,83.04026608,820.25,15S/04E-31H
15S04E31M,5807092.6,2105852.8,73.78553155,820.25,15S/04E-31M
15S04E32H,5816229.2,2107196.3,102.9921952,820.25,15S/04E-32H
16014,5779877.1,2120673.5,44.9629563,503.0245464,15S03E17P01
16022,5774949.1,2122547,49.02927229,456.0222528,15S03E18F01
16031,5773692.6,2121415.7,52.13752989,904.0441152,15S03E18M02
1605,5855996.2,2065003.6,185.2497254,478.0233264,17S/05E-02N02
16058,5815594.1,2116223.2,125.5741677,183.0089304,15S03E21P01
16083,5800852.4,2109271.9,71.7802255,185.009028,15S03E25P01
16099,5797314.2,2109833.8,80.67568895,201.0098088,15S03E26Q02
16128,5789408.6,2105751.2,389.5948552,900.04392,15S03E34L50
16134,5797277.9,2108498.2,118.6138413,203.0099064,15S03E35B02
16135,5796837.8,2108513.8,128.8004207,513.0250344,15S03E35B03
16144,5802100.7,2106557.8,74.90957557,150.00732,15S/03E-36G01
16164,5809578.5,2134180.7,0,730.035624,15S04E06A50
16171,5807258.8,2133551.1,105.4170665,670.032696,15S04E06F02
162,5768286,2166539.3,63.48523753,635.030988,14S02E02H50
1622,5937091.4,1955436.2,295.6258433,90.004392,20S08E21D01
1624,5937362.9,1955362.2,295.6540762,150.00732,20S08E21E02
16277,5809469.7,2117453.2,76.45448444,195.009516,15S/04E-19H02
16313,5819613.1,2118018.2,170.5447427,615.030012,15S/04E-21A01
1632,5952785.4,1949560.2,320.3537424,62.0030256,20S08E25E01
16346,5832876.6,2108716.9,295.0274073,525.02562,15S04E25P02
1635,5953528.4,1950507.5,321.8635832,62.0030256,20S08E25D02
1636,5770446,2159819.8,41.58402972,610.029768,14S/02E-12L02
16383,5813343.6,2107880.7,81.4927352,535.026108,15S/04E-29Q01
1639,5937617.4,1955277.7,295.8545995,90.004392,20S08E21E01
1640,5937818.9,1955218.7,295.9871841,130.006344,20S08E21F01
16403,5810059.4,2107641,85.70071019,273.0133224,15S04E32D01
16406,5809584.6,2105529,85.13161163,286.0139568,15S/04E-32E01
1641,5938076.9,1955129.5,296.3183758,150.00732,20S08E21F02
1657,5791465.6,2110876.7,110.822623,517.0252296,15S03E27K01
1663,5781890.1,2162302.8,116.7747984,218.0106384,14S03E08C50
1665,5928389.9,1980150.8,289.1504754,182.0088816,19S08E30L50
1672,5743838,2165443.1,8.954300507,1435.070028,14S/02E-06L01
1683,5825507.7,2111409.7,202.2066556,769.0375272,15S04E26E01
169,5811872.1,2097314.7,92.43940256,185.009028,16S/04E-08C01
1694,5789768.1,2117103.2,63.92725675,272.0132736,15S/03E-22F02
1696,5790703.1,2119368.2,62.97737109,820.25,1696
1698,5777560.6,2159599.8,42.72320539,620.030256,14S/03E-07K51
16S04E06CA,5804529.3,2101082.6,140.5234031,820.25,16S/04E-06CA
1704,5761503.5,2160766.1,22.83257876,680.033184,14S/02E-10H01
1705,5764460,2159271.1,37.78230306,660.032208,14S/02E-11M03
1707,5771548.6,2157093.1,66.27492724,619.0302072,14S/02E-12Q01
1710,5747131,2164991.1,12.74324846,550.02684,14S/02E-06J03
1711,5767818.5,2166892.3,55.87619155,588.0286944,14S02E01F50
1717,5772068.6,2168261.3,23.86954945,580.028304,13S02E36J01
172,5811447.1,2109495.7,83.9962971,820.25,172
1726,5808843.6,2130401.8,91.56944973,786.0383568,15S04E06R01
1728,5812596.6,2130175.3,109.3336464,612.0298656,15S04E05K01
17300,5831985.2,2098511,203.4368694,693.0338184,16S04E01L01
17345,5814000.9,2094582.2,78.12401382,170.008296,16S/04E-08J02
1735,5950496.3,1958781.6,344.8361774,236.0115168,20S08E14K01
174,5787628.6,2118060.2,58.92788028,266.0129808,15S/03E-21A01
17402,5814550.9,2087615.5,119.0450921,240.011712,16S04E16N01
17502,5835915.9,2088743.8,124.2910105,403.0196664,16S05E18M02
17521,5837849.3,2081632.8,122.4338022,116.0056608,16S05E19Q01
17531,5843257.7,2082783.7,144.4038348,615.030012,16S/05E-20K01
17609,5844227.2,2073516.5,133.3433751,386.0188368,16S05E32H01
1761,6006754.5,1879151.8,476.8662945,182.0088816,22S10E34G01
17610,5844670.2,2073028.4,135.0015452,300.01464,16S05E32J01
1777,5842664.2,2092801.2,212.6664382,518.0252784,16S05E08P01
1779,5783966.1,2120751.2,69.03634108,570.027816,15S/03E-16N06
1780,5874767.8,2035976,193.0648346,228.0111264,18S/06E-05H01
17830,5829792.1,2069040.1,186.3026975,260.012688,17S04E01E02
17834,5831890,2067150.4,119.7788132,257.0125416,17S04E01K01
17847,5857269.9,2069517.2,276.1832374,700.03416,17S/05E-02C02
1789,5834781.2,2074554.9,113.9407841,406.0198128,16S/05E-31E01
179,5864805.2,2039991.1,167.6149404,210.010248,17S/06E-31M02
1790,5840223.7,2077483.9,126.697559,443.0216184,16S/05E-30J02
17908,5856192.7,2062890.9,163.3019342,147.0071736,17S/05E-10A01
1792,5773994.6,2128802,42.87230381,600.02928,15S/03E-07F02
17929,5864693.2,2060519.2,0,315.015372,17S05E12J50
17933,5862037.2,2059250.1,0,505.024644,17S05E12P50
17936,5860782.6,2057873.7,173.0640871,742.0362096,17S/05E-13B02
1795,5773403.6,2135180,39.75494177,507.0247416,15S/03E-06D02
17960,5847444.9,2053103.6,172.4249625,667.0325496,17S05E21B01
17973,5856563.3,2051512.3,0,100.00488,17S05E23F50
17975,5856563.3,2051512.3,0,35.001708,17S05E23F52
17976,5856563.3,2051512.3,0,50.00244,17S05E23F53
17977,5856563.3,2051512.3,0,100.00488,17S05E23F54
1799,5815734.6,2116050.7,125.0305761,490.023912,15S04E20H50
17997,5861935,2039420,176.6956793,136.0066368,17S/05E-36K02
18010,5866611.7,2060789.8,240.7312552,686.0334768,17S06E07M01
18011,5866549.2,2059443.9,223.6497501,320.015616,17S06E07N01
1803,5787282.1,2113020.2,72.53801229,750.0366,15S/03E-28A01
18031,5870272.5,2055332.2,189.9824843,525.02562,17S06E18J01
18063,5880348.7,2048627.2,241.4705984,189.0092232,17S/06E-21R01
1808,5793192.1,2130517.8,62.95969243,650.03172,15S/03E-03R02
18084,5881695.7,2047130.9,246.404289,336.0163968,17S06E27D01
1812,5780646.6,2145544.5,63.30800282,623.0304024,14S/03E-29C01
1813,5908795.8,1999749.5,263.185428,342.0166896,19S07E04Q01
1816,5794263.1,2157155.3,143.4027154,605.029524,14S/03E-10R02
1817,5797505.1,2169818.1,218.2604488,350.01708,13S03E35G50
1820,5824390.7,2077956.3,116.2486594,200.00976,16S04E27T53
1822,5917653.3,1989452.4,323.4554369,250.0122,19S07E14N02
1823,5790891.6,2135429.3,62.62565639,500.0244,15S/03E-03C01
1825,5782279.1,2154393.6,96.02245745,624.0304512,14S03E17F01
183,5784575.6,2127790.8,53.30108409,249.0121512,15S03E09E03
1833,5790194.6,2160326.3,144.6510544,622.0303536,14S03E10E01
18339,5892022.3,2034816.7,201.5270143,420.020496,18S06E01E03
1834,5788071.6,2161161.1,119.8032791,428.0208864,14S03E09B01
18341,5891926.8,2031694.1,215.1386721,405.019764,18S06E01N01
1836,5785357.6,2155113.6,100.8783895,671.0327448,14S03E16E02
1838,5779497.6,2121065.2,42.67874276,820.25,1838
1840,5770035.5,2114583,141.5347093,751.0366488,15S02E25C01
1841,5787087.1,2113997.5,57.74665842,490.023912,15S03E28B02
18412,5882544.7,2029802.4,213.9438457,342.0166896,18S/06E-10G01
18414,5885173,2028894.6,216.4816886,274.0133712,18S/06E-10J02
18415,5880134.9,2026339.1,207.3453041,150.00732,18S/06E-10N01
18416,5889191.3,2030306.1,213.1750459,240.011712,18S/06E-11B01
18419,5885830.3,2026828.7,215.0444913,325.01586,18S/06E-11N01
18422,5893518.3,2029938.1,219.3004936,220.010736,18S06E12C02
1843,5800046.6,2147579.5,134.3857541,577.0281576,14S03E23J01
1844,5800043.1,2143518,134.5874608,802.0391376,14S03E25E01
1846,5777316.6,2130636.5,42.92253,484.0236192,15S/03E-06R01
18480,5887724.8,2013645.1,251.4303811,160.007808,18S06E26K02
18481,5888641.7,2012852.1,254.0237151,80.003904,18S06E26K03
18484,5888762.3,2013911.7,250.7865986,200.00976,18S06E26T50
18487,5876588.5,2012448.8,468.1917122,680.033184,18S06E28E01
1849,5756726.5,2165890.6,12.7530922,512.0249856,14S/02E-04H01
18496,5881035.8,2009930.7,366.9175378,376.0183488,18S06E34C01
18499,5880227.1,2006938.7,386.8944519,400.01952,18S06E34N01
1851,5758722,2164744.8,12.7530922,587.0286456,14S/02E-03M02
1852,5786492.6,2123549.7,59.8260754,528.0257664,15S/03E-16B03
1853,5780802.1,2128742.5,51.1528851,504.0245952,15S03E08B04
18543,5897448.3,2023479.2,221.5669642,224.0109312,18S07E18L02
1855,5756554,2143206.3,26.45301383,510.024888,14S02E28J50
18587,5896735.9,2012211.9,282.5846819,182.0088816,18S07E30P01
18590,5897568.4,2013787.3,273.6850551,208.0101504,18S07E30T51
18596,5898947.2,2008507.6,294.0845214,240.011712,18S07E31G01
18614,5902880.1,2007836.8,280.0641565,200.00976,18S07E32L01
18617,5903235.4,2005377.8,265.188014,244.0119072,18S07E32Q02
1862,5784943.6,2122848.5,59.88789964,592.0288896,15S03E16F02
1863,5781287.6,2123885.5,54.39719183,608.0296704,15S/03E-17B03
1870,5804859.1,2142136.3,160.4225054,790.038552,14S04E30N01
1873,5754303,2160254.6,15.39018121,646.0315248,14S/02E-09L02
18732,5894848.5,2004638.4,316.9203893,252.0122976,19S06E01A01
18734,5892209.7,2003968.8,332.0654579,300.01464,19S06E01C02
18742,5890892.7,2000628.1,350.0211695,251.0122488,19S06E01Q01
18751,5879933.2,2002080.8,425.9653598,500.0244,19S06E03M02
18756,5882321.4,1999656.4,313.7487024,596.0290848,19S06E10C01
18763,5886707.5,1996936.9,387.3185265,232.0113216,19S06E11L01
18771,5883936.5,1994432.9,562.419171,220.010736,19S06E15A50
18774,5881218.8,1991806.4,731.4927825,401.0195688,19S06E15L01
1882,5829597.7,2080345.9,109.6741116,560.027328,16S/04E-25G01
18824,5895667.8,2004389.7,311.1138358,925.04514,19S07E06D50
18842,5910267,1998471.2,312.707198,404.0197152,19S07E09H50
1890,5888121.3,2028764.7,207.433674,288.0140544,18S06E11L02
1895,5999961.5,1892305.4,432.4842299,178.0086864,22S10E16P01
19065,5963120.3,1935639.5,346.7877606,273.0133224,21S09E05N50
191,5833332.2,2077531.5,113.0703931,438.0213744,16S04E25K02
1911,5824708.2,2077535.9,121.349884,275.01342,16S04E26M02
1914,5781851.1,2165841.6,120.5386999,550.02684,14S/03E-05B02
1915,5781865.1,2164717.3,122.5714774,650.03172,14S/03E-05T55
1917,5795698.1,2108929.5,147.3181399,600.02928,15S03E26P01
1922,5794169.6,2109717.5,89.04103408,420.020496,15S03E26N03
19248,5996145.5,1898773.1,423.3634292,134.0065392,22S10E08K01
19263,5995175.4,1893950.9,416.3021515,80.003904,22S10E17L52
193,5778570.6,2142478.3,49.59305353,600.02928,14S/03E-29N02
1934,5796663.1,2108252.2,138.9576987,598.0291824,15S03E35B04
1935,5814890.1,2106009.5,93.46992797,820.25,1935
1936,5785352.1,2127742.3,56.71089778,274.0133712,15S03E09F50
1937,5934704.1,1957995.5,322.7932867,220.010736,20S08E17Q01
1953,5878079.3,2030712.9,195.1520436,162.0079056,18S/06E-09F01
1957,5770449.5,2152225.1,54.97325976,406.0198128,14S/02E-13P50
1962,5755920.5,2167503.3,12.66548111,500.0244,14S/02E-04B01
1966,5822333.7,2078450.9,147.8521375,550.02684,16S04E27K50
197,5772063.1,2129882.8,42.68171528,549.0267912,15S/02E-12A01
1970,5876637.3,2034165.1,185.0485203,200.00976,18S/06E-04M02
1974,5803962.6,2147938.8,161.3607103,375.0183,14S03E24H01
1979,5790233.1,2112159,78.65257605,523.0255224,15S03E27F01
1985,5817005.1,2086713.8,105.3564585,215.010492,16S04E21C01
19993,5782432.2,2169449,153.8100651,707.0345016,13S03E32Q01
2,5823068.7,2078930.9,121.4536953,246.0120048,16S04E27G01
20,5781449.6,2157507.3,96.02421669,577.0281576,14S/03E-08P02
20028,5762873.1,2143210.3,33.81162715,585.028548,14S02E26N04
20047,5774363.5,2167011.4,93.11264832,608.0296704,14S03E06E01
20052,5791984.6,2158693.4,152.9612619,604.0294752,14S03E10P02
20056,5800017.9,2159804.1,160.1458651,380.018544,14S03E11J02
20090,5780398.1,2139447.9,52.74799448,414.0202032,14S/03E-32F01
20371,5871228.8,2054196.5,180.6575903,800.03904,17S06E17N50
20374,5875197.2,2048548.1,183.8069038,246.0120048,17S06E20R01
204,5822574.7,2081360,112.3326011,300.01464,16S04E27B02
20408,5865464.7,2035724,185.6283645,199.0097112,18S06E06E03
20412,5892643.3,2025526.2,223.4787496,255.012444,18S06E13C01
20416,5895323.8,2018857.7,232.0065484,238.0116144,18S/06E-24H01
20430,5903176.8,2006657.3,261.8418058,244.0119072,18S07E32Q01
20493,5996119.2,1897451.9,414.1472341,126.0061488,22S10E08Q01
20560,5814814.2,2094225.6,79.62523111,174.0084912,16S04E09M01
20561,5821359.5,2083888.9,106.7627404,249.0121512,16S04E22L02
20658,5783517.5,2139798.6,54.13623595,510.024888,14S/03E-32H02
20683,5854466.6,2059736.7,150.4375451,254.0123952,17S05E10R01
20769,5775843.6,2157903.3,74.00200606,296.0144448,14S/03E-07P02
20806,5895642.9,2026932.4,220.8920057,1000.0488,18S06E12R03
20837,5803661.8,2170220.6,540.6608826,150.00732,13S03E36G
20841,5756763.4,2155547.7,22.73615337,620.030256,14S02E16H
20842,5768799,2148773.8,35.824868,622.0303536,14S/02E-24M51
20844,5782568,2159018.9,102.6147482,738.0360144,14S03E08K50
20845,5774451.8,2155259.1,71.48593455,460.022448,14S03E18E50
20847,5786623.3,2126881.1,60.78566086,256.0124928,15S03E09K
20848,5785270.8,2126925,56.7855827,256.0124928,15S03E09L
20851,5794571.8,2126579.4,62.96949861,484.0236192,15S03E11M
20852,5802479.6,2120911.4,72.82363695,590.028792,15S03E13K
20853,5797229,2123806.1,68.34384428,484.0236192,15S03E14B
20854,5795840.4,2122480,64.94075432,272.0132736,15S03E14F
20856,5798500.4,2119658.1,54.91810232,570.027816,15S03E14RA
20857,5798500.4,2119658.1,54.91810232,500.0244,15S03E14RB
20858,5791848.4,2123968.3,63.48975828,452.0220576,15S03E15B12
20859,5785118.4,2122882.3,59.98222339,592.0288896,15S/03E-3E16F
20860,5787779.5,2121377.5,62.44448917,572.0279136,15S03E16J
20861,5787779.5,2121377.5,62.44448917,572.0279136,15S03E16J02
20862,5783714.1,2121656.2,57.98151158,688.0335744,15S03E16M
20864,5783664.7,2120361.3,65.19727333,600.02928,15S03E16NA
20865,5783664.7,2120361.3,65.19727333,224.0109312,15S03E16NB
20866,5783664.7,2120361.3,65.19727333,247.0120536,15S03E16NC
20867,5783664.7,2120361.3,65.19727333,194.0094672,15S03E16ND
20868,5783664.7,2120361.3,65.19727333,195.009516,15S03E16NE
20869,5783664.7,2120361.3,65.19727333,190.009272,15S03E16NF
20870,5785019.3,2120281.4,75.28776134,580.028304,15S/03E-3E16P
20872,5782445,2123020.1,55.58193778,606.0295728,15S/03E-3E17H
20873,5781112.4,2121790.9,53.24824752,664.0324032,15S/03E-3E17K
20874,5778501.4,2120653.2,54.88413425,271.0132248,15S03E17N
20875,5779783.2,2120581.2,43.66262778,800.03904,15S03E17P
20876,5779783.2,2120581.2,43.66262778,800.03904,15S03E17PA
20877,5779783.2,2120581.2,43.66262778,800.03904,15S03E17PQ
20879,5777291.5,2124484,46.06197004,482.0235216,15S03E18A
20880,5777246.2,2123231.4,31.83011534,475.02318,15S03E18H
20881,5777201,2121979,45.7332814,514.0250832,15S03E18J
20882,5784844.4,2114946.7,67.82462343,506.0246928,15S03E21P
20883,5790218.9,2118539.9,62.97146986,600.02928,15S03E22C
20884,5788872.4,2117211.7,69.77049696,302.0147376,15S03E22E
20885,5790193.1,2117180.5,63.23852097,272.0132736,15S03E22F
20886,5791513.5,2117148,65.13625846,250.0122,15S03E22G
20887,5792803,2115757,63.91592363,616.0300608,15S03E22J
20889,5803577.6,2116810.6,59.13095026,300.01464,15S03E24A
20890,5800874.1,2114189.3,56.96793892,392.0191296,15S03E24N
20891,5802162.2,2112815.7,60.58471231,360.017568,15S03E25B
20893,5798179.3,2112916.7,60.18307806,460.022448,15S03E26A
20894,5794081.3,2113021.7,55.30685149,326.0159088,15S03E26D
20895,5798114.6,2110250.1,71.71826664,252.0122976,15S03E26JB
20896,5796750.1,2110286.7,71.27302709,260.012688,15S03E26KA
20897,5788799.6,2113168.5,43.04907796,500.0244,15S03E27D
20898,5788774.3,2111838,102.7247251,652.0318176,15S03E27E
20899,5790086.7,2111801,113.3892097,540.026352,15S03E27F02
20900,5796688.2,2107660.1,161.2003445,334.0162992,15S03E35B
20901,5799363.4,2106319.9,80.42852333,185.009028,15S03E36E
20902,5802010.3,2106241,73.71785828,195.009516,15S03E36GA
20903,5806208.5,2114051.2,59.17533154,296.0144448,15S04E19N
20904,5811650,2113907.2,82.84396099,652.0318176,15S04E20N
20933,5897980.9,2015282.1,266.214147,300.01464,18S07E30C50
20934,5933181.8,1967048.1,322.3206875,1020.049776,20S08E08C0X
20935,5951926.1,1949203.2,315.3358811,704.0343552,20S08E26H
21139,5772069.1,2126207.5,43.8517705,600.02928,15S02E12R01
21149,5882902.8,2043230.7,218.911945,920.044896,17S06E27N50
21150,5882902.8,2043230.7,218.911945,920.044896,17S06E27N51
21167,5879210.5,2012948.9,402.8001817,860.041968,18S06E28J02
21201,5836143.7,2070213.6,123.1560685,300.01464,17S05E06C01
21202,5836146.2,2070213.9,123.1561074,115.005612,17S05E06C02
21203,5836363.2,2070511,123.8742193,300.01464,16S05E31P01
21204,5836370.2,2070513.6,123.8369044,115.005612,16S05E31P02
21205,5813824.6,2095090.4,77.72781063,295.014396,16S04E08H03
21206,5813573.1,2095135.6,77.60938663,295.014396,16S04E08H02
21208,5813821.1,2095086.8,77.72827229,140.006832,16S04E08H04
21209,5880147.3,2038685.7,191.08085,260.012688,17S06E33R01
21210,5880148.8,2038673.5,191.8755764,120.005856,17S06E33R02
21262,5785796,2189106.1,258.9807254,380.018544,13S03E09N52
21273,5785652,2183821,207.45443,375.0183,13S03E16N56
21290,5826340.6,2074070.9,154.7712051,450.02196,16S04E35D50
21291,5760117.8,2183147.1,24.64570585,300.01464,13S02E22C50
21293,5775234,2191971.9,317.291711,420.020496,13S03E07E57
213,5839475.2,2074461.8,124.2707442,450.02196,16S05E31H50
21314,5883521.3,2020925,225.2523967,95.004636,18S06E22B04
21328,5915760.1,1981893,386.0969027,300.01464,19S07E27A03
21361,5801931.4,2151738.4,100.2175211,620.030256,14S03E13P50
21362,5768176.4,2165965.9,63.46239233,570.027816,14S02E02H51
21365,5892189.8,2000951.4,342.0388392,380.018544,19S06E01P50
21386,5910025.2,2018865.5,220.7962092,260.012688,18S07E21G02
21398,5765348.4,2167280.5,63.61006707,560.027328,14S02E02C04
214,5775087.1,2161866.3,75.96867415,600.02928,14S03E07D50
21510,5808020.5,2127507.2,83.83386615,590.028792,15S04E07G50
21551,5871140.1,2051602.5,179.4753663,955.046604,17S06E20E50
21595,5810647.2,2118645,85.35248133,590.028792,15S04E17T50
21621,5808129.7,2131530.5,89.02897205,1000.0488,15S04E06K50
21626,5988670.9,1912373.1,384.2543831,120.005856,22S09E01B01
21628,5993378.6,1897848.6,416.2719037,140.006832,22S10E06C01
21629,5866150.6,2064976.7,290.8426748,720.035136,17S06E06N50
21631,5879106.8,2050073.9,244.2078691,400.01952,17S06E21K50
21632,5795414.8,2159854,162.9588867,570.027816,14S/03E-11E50
21635,5920152.4,1970591,403.2209652,600.02928,20S07E02G50
21655,5750222,2151411.6,102.7890248,840.040992,14S02E20B03
21667,5748224.5,2157688.3,56.17281332,140.006832,14S02E17C02
21670,5802766.7,2133049.4,95.86386337,500.0244,15S03E01G50
21676,5753995,2146957.8,37.59918138,608.0296704,14S02E28C01
21738,5851437.7,2067921.2,154.6995643,1000.0488,17S05E03F51
21758,5790787.4,2178439.7,243.0761591,520.025376,13S03E22N56
21778,5992632.4,1898845,421.2586038,134.0065392,21S10E31R01
21804,5791739.5,2172818.7,276.3687922,900.04392,13S03E27P50
21824,5773954.8,2196037.2,400.7698824,700.03416,13S02E01J51
21836,5746830.4,2170339.5,12.55295327,273.0133224,13S02E31J50
21839,5754404,2160954,14.19066028,273.0133224,14S02E09F50
21868,5851545.7,2081425.6,267.085652,255.012444,16S05E22N50
21884,5755627.8,2159568.6,17.19080338,273.0133224,14S02E09K51
21885,5759417.9,2155770.9,22.76001957,273.0133224,14S02E15D50
21887,5756845.3,2158180.1,21.14053958,273.0133224,14S02E09R50
21888,5751779.5,2156990.6,21.05599019,273.0133224,14S02E17A50
21889,5751916.1,2163685.6,13.33290237,273.0133224,14S02E05R50
22,5780108.1,2141350,52.74729984,623.0304024,14S/03E-29Q01
2207,5786212.2,2144968.3,38.28698046,537.0262056,14S/03E-28F02
2208,5807922.6,2117309.7,77.96104387,655.031964,15S04E19G50
2211,5813038.4,2134249.7,121.0572921,415.020252,15S04E05C51
2212,5826087.7,2118536.5,229.0036971,580.028304,15S04E14N51
22236,5991144.3,1910935.8,383.9994171,105.005124,21S10E31K02
22239,5992168.6,1909416.3,384.8776784,113.0055144,21S10E31K01
22240,5994454.9,1897109.5,409.0377664,140.006832,22S10E17D01
22254,5905613.8,2003320.3,263.4055609,210.010248,19S07E05H50
22255,5991293.4,1895311.3,538.3654721,322.0157136,22S10E18G50
22257,5853837.1,2047762.4,276.5831444,480.023424,17S05E27A50
22258,5993631.3,1899233.5,404.5516205,160.007808,22S10E08M01
2230,5863402.7,2064243.6,253.3547881,799.0389912,17S05E12B01
2232,5863263.2,2064094.5,250.5328544,1030.050264,17S05E12B02
2235,5907007.3,2011577.3,253.5952102,690.033672,18S07E28N02
22436,5925048.6,1979680.5,280.7309515,160.007808,19S07E25H01
22526,5821627.5,2097890.2,112.9094514,420.020496,16S04E03P50
22573,5853137.7,2085279.5,333.0066367,400.01952,16S05E22C51
22574,5906938,2003289.7,257.3995205,170.008296,19S07E04E50
22575,5915360.1,1992674,327.1191398,240.011712,19S07E15G01
22577,5894560,2018105.5,232.0093696,210.010248,18S06E24K01
2260,5811455.6,2119753,99.48148602,467.0227896,15S04E17P02
22608,5764643.7,2148922.1,35.45890084,784.0382592,14S02E23L03
22609,5784792.1,2132309.9,53.62520151,680.033184,15S03E04M51
22610,5924794,1981194.1,272.6614719,150.00732,19S07E25K50
22611,5778828.5,2129865.1,51.14382922,574.0280112,15S03E08D51
22613,5930719.6,1967074.6,307.1938323,255.012444,20S08E07A52
22615,5820343.4,2099029,114.0557298,820.25,22615
22616,5812452.8,2092977.4,100.8877835,600.02928,16S04E08Q50
22624,5772066.3,2130226.7,43.15459612,600.02928,15S/03E-07K51
22626,5851331.7,2060937.1,144.8096243,444.0216672,17S05E10L50
22629,5891116.8,2007555.5,323.5736762,400.01952,18S06E36M50
22634,5806839.3,2138389,137.9889813,680.033184,14S04E31F02
22637,5882661.8,2033733.8,186.4453665,280.013664,18S06E03L50
22642,5806881.2,2139585.7,150.589094,720.035136,14S04E31T54
22643,5779166.4,2139132.6,51.09460118,520.025376,14S03E32E55
22644,5797169.2,2162681.4,170.8091905,500.0244,14S/03E-02L50
22647,5804741.6,2121500.5,75.62946854,720.035136,15S04E18M50
22648,5807402.4,2125536.6,73.95157915,720.035136,15S04E07K50
22651,5767815,2145093.8,33.96861621,339.3165578,14S02E26H01
22652,5809426.7,2128800.8,95.44570817,800.03904,15S04E07A50
22653,5794756.8,2171138.1,210.5600879,710.034648,13S03E34H50
22655,5909433,1996434,332.5405708,400.01952,19S07E09K50
22656,5775888.2,2157880.9,73.39016778,1140.055632,14S03E07P50
22666,5789458.8,2130885,62.09750547,682.0332816,15S03E03N58
22667,5793845.9,2147823.4,85.89643192,650.03172,14S03E22J50
22669,5825177.3,2076734.9,108.3938508,600.02928,16S04E26N51
22670,5774940.2,2135286.9,40.48032089,560.027328,15S03E06C52
22675,5810680,2125786.7,94.31202735,920.044896,15S04E08M04
22681,5741271.2,2171106.7,22.45580551,1364.066563,13S01E36J02
22682,5793975.2,2132565.1,52.53017199,610.029768,15S03E03H50
22683,5782203.2,2115074.5,342.475618,680.033184,15S03E20R50
22685,5784507.4,2171373.7,98.91257535,730.035624,13S03E32A50
22686,5771220.3,2174590.7,126.0551195,780.038064,13S02E25P50
22687,5770337,2170634,57.05853504,800.03904,13S02E36F50
227,5792219.1,2110417.2,91.95851157,520.025376,15S/03E-27J01
22705,5882203.3,2023755.4,216.3097367,285.013908,18S06E15L01
22718,5853837.1,2047762.4,276.5831444,690.033672,17S05E27A51
22746,5768756.3,2146329.2,32.99298988,700.03416,14S02E25D51
22748,5847829.3,2078987.7,183.76667,810.039528,16S05E28F50
22754,5943003.4,1876296.8,1078.922909,581.0283528,23S08E03D01
22755,5746488.4,2159739.4,23.2884303,1573.076762,14S02E07J03
22756,5834599.1,2089487.5,121.7805019,710.034648,16S04E13H50
22757,5858141.1,2062098.1,169.510619,510.024888,17S05E11G50
22758,5807016,2140928.2,163.155123,700.03416,14S04E30P50
22759,5907172.7,2011098.4,251.5839716,690.033672,18S07E28N51
22760,5787528.7,2116150.8,37.46818602,700.03416,15S03E21J50
22761,5815678,2111133.2,115.8534592,890.043432,15S04E28E51
22763,5787657.9,2165221.8,146.0296838,650.03172,14S03E04G50
22766,5803209.9,2150352.8,134.5826069,540.026352,14S03E24B50
22767,5881973.7,2014249.6,333.5980616,610.029768,18S06E27F50
22768,5848984.7,2078949.8,204.4923116,810.039528,16S05E28G50
22769,5909398.2,1995090,361.0613588,520.025376,19S07E09Q50
22770,5880895.3,2036935.9,197.1910415,300.01464,18S06E03D50
22777,5798282,2165072.1,194.0066538,340.016592,14S03E02G50
22778,5796170.6,2135938.7,75.59654036,900.04392,14S03E35P50
22779,5796929.6,2165108,178.8438531,340.016592,14S03E02F50
22781,5814929.8,2131323.8,124.8071371,400.01952,15S04E05J50
22783,5812258.3,2132752.5,102.4974244,680.033184,15S04E05F50
22784,5775521.9,2167084.5,100.4728824,870.042456,14S03E06D50
22786,5966968.4,1926271.3,344.0418289,82.0040016,21S09E17J52
22796,5794026.6,2169732.6,200.4080204,920.044896,13S03E34H51
22801,5768133.3,2170868.9,13.26597916,440.021472,13S02E35H01
22805,5775438.6,2147193.2,44.25472541,680.033184,14S03E19P50
22823,5950099.9,1953855.1,308.7744365,70.003416,20S08E23G53
22826,5950771.1,1955294,311.8817764,94.0045872,20S08E23B50
22827,5951172.4,1955098.2,311.7273056,96.0046848,20S08E23G52
22828,5770666.4,2155056.2,45.13151839,596.0290848,14S02E13E50
22831,5823358,2100476.3,122.5050556,920.044896,16S04E03G53
22834,5800107.8,2131781.1,72.26475331,760.037088,15S03E01M01
22875,5890783,2024589.2,223.1630603,250.0122,18S06E14H50
22895,5843453.5,2094745.4,234.4806855,780.038064,16S05E08G01
22896,5775159.5,2140587.9,43.29107855,690.033672,14S03E31C
22897,5818447.6,2116389.8,152.3984716,810.039528,15S04E21G
22898,5811915,2120638.5,107.9610896,930.045384,15S04E17L
22900,5834904.4,2098972.3,251.0104945,830.040504,16S04E01J
22901,5867058.2,2049090.8,172.8515802,300.01464,17S06E19P
22903,5793990.9,2109029.3,171.4247085,750.0366,15S03E26N50
22904,5823705.3,2113582.4,192.5528605,900.04392,15S04E22Q51
22905,5782755.9,2131089.3,51.073659,840.040992,15S03E05R52
22906,5875175.2,2051507.5,189.8474051,935.045628,17S06E20H51
22907,5875082.3,2048882.6,183.7285091,760.037088,17S06E20R
22915,5946613.9,1957251.9,314.0153317,125.0061,20S08E15R50
22917,5806459,2119432.5,58.62562203,775.03782,15S04E18P50
22918,5826744.4,2082972,103.1467102,200.00976,16S04E23L50
22920,5819535.1,2104409,111.7607949,1000.0488,15S04E33J01
22926,5841107.4,2060716.2,147.8261071,830.040504,17S05E08L02
22927,5910842.8,1999096.7,286.2110271,435.021228,19S07E09A50
22929,5757085.6,2145316.8,26.49804358,1180.057584,14S02E28H04
22930,5843431,2058478.6,123.0311978,250.0122,17S05E17A01
22933,5845452.5,2089466.6,203.3338177,830.040504,16S05E17H50
22939,5806033,2106121,78.4435252,240.011712,15S04E31F50
22940,5847338.1,2059672.5,134.3309253,240.011712,17S05E09Q50
22941,5949855.4,1954148.5,308.8178916,75.00366,20S08E23F52
22944,5949617.7,1954429.7,309.0878338,80.003904,20S08E23F51
22945,5949256,1954160.9,308.4463455,80.003904,20S08E23F50
22947,5950156.3,1954835.8,310.0868255,80.003904,20S08E23G51
22948,5881031,2026169.8,205.0452502,300.01464,18S06E15D50
22951,5777455.2,2175426,223.140807,900.04392,13S03E30K50
22952,5795993,2129214.3,58.14074473,790.038552,15S03E11C51
22953,5797727.1,2143820.9,107.6685186,780.038064,14S03E26G50
22954,5899085.1,2032840.5,198.471077,70.003416,18S07E06K50
22957,5930689.5,1965712.4,303.1709064,240.011712,20S08E07H51
2296,5826401.7,2107506.5,210.0953448,950.04636,15S04E35F50
22963,5828148.9,2095193.9,115.2454383,1040.050752,16S04E11G01
22964,5787348.5,2145451.5,39.84272495,700.03416,14S03E28B50
22967,5772833.3,2149935.6,57.17428297,604.0294752,14S/02E-24H50
22969,6009526.3,1880423.8,541.2470758,375.0183,22S10E35D50
2297,5814644.1,2109962.2,96.90442628,960.046848,15S04E29J50
22973,5763851.4,2173883.1,51.72838603,500.0244,13S02E26N50
22974,5787779.5,2121377.5,62.44448917,790.038552,15S03E16J51
22975,5881814.3,2052617.8,322.6216691,460.022448,17S06E22D01
22977,5794816.3,2135978.8,72.00563726,780.038064,14S03E35N51
22978,5930110.3,1969514.2,311.6422782,240.011712,20S08E06K03
22981,5786009,2145496.7,58.51659003,710.034648,14S03E28C51
22982,5865612.5,2067159.8,313.9614591,690.033672,17S06E06E01
22983,5840853.5,2059839.2,187.4587889,210.010248,17S05E08P50
22984,5908792.9,2022794.4,407.2701744,640.031232,18S07E16L50
22987,5889724.9,2044377.5,267.8032619,620.030256,17S06E26K01
22988,5794539.6,2125241.6,65.84863047,620.030256,15S03E11N52
22989,5891905.1,2013082.9,283.7275806,270.013176,18S06E25M01
22990,5842580.3,2081642,132.9564325,440.021472,16S05E20P50
22991,5845865.4,2053434.5,273.8791909,270.013176,17S05E21C50
22993,5787107.8,2189078,317.7711439,380.018544,13S03E09P52
22996,5849006.4,2077814.4,202.2957265,850.04148,16S05E28K50
22997,5837112.1,2083075.7,120.4618775,520.025376,16S05E19L53
23000,5770197.9,2150067.1,34.23524931,598.0291824,14S02E24F50
23001,5789319.7,2161495.2,142.7135165,580.028304,14S03E09A51
23002,5783571.4,2150960.5,84.20531838,730.035624,14S03E20A50
23003,5962267.6,1951678.7,466.6317171,400.01952,20S09E19R50
23004,5770374.2,2154068.1,45.51838705,598.0291824,14S02E13L50
23006,5790446.7,2121270.3,62.86464691,760.037088,15S03E15L50
23007,5777246.2,2123231.4,31.83011534,720.035136,15S03E18H50
23008,5794816.3,2135978.8,72.00563726,760.037088,14S03E35N50
23014,5897801.3,2008774.7,296.1902052,670.032696,18S07E31D50
23015,5782976,2136348.4,52.71278733,830.040504,14S03E32R52
23016,5815988.9,2127813.7,133.035503,500.0244,15S04E09E50
23017,5907173.7,1999262.1,265.8879872,560.027328,19S07E09D02
23018,5778682.8,2125755.5,52.86019925,701.0342088,15S03E08N50
23019,5852922.7,2050295.6,204.8786221,460.022448,17S05E02K50
2302,5789806.6,2162181.3,142.7715071,760.037088,14S03E04R50
23020,5835018.9,2084826.5,113.2406625,615.030012,16S04E24H50
23025,5813767,2138072.3,139.4168991,412.0201056,14S04E32G54
23027,5768616.6,2166480.5,60.93884826,620.030256,14S02E02H52
23028,5824455.6,2069652,512.3610513,460.022448,17S04E02D50
23029,5949347.8,1958510,331.1671293,290.014152,20S08E14L50
23030,5802005,2126832.5,63.16787888,600.02928,15S03E12K50
23031,5869711.8,2030352.2,231.422883,390.019032,18S06E07H51
23032,5773741.4,2139305,41.57294692,610.029768,14S03E31E01
23033,5845835.4,2108832.8,522.8196707,260.012688,15S05E29J51
23034,5819960,2119025.4,177.1746491,720.035136,15S04E16R51
2305,5881334.8,2043349.1,204.5989889,928.0452864,17S06E27N52
23069,5795518.6,2163808.1,159.5675742,780.038064,14S03E02M50
2307,5760997.5,2152129.1,26.91458713,670.032696,14S02E22B01
23070,5815145.4,2097223.5,80.17198457,200.00976,16S04E09D50
23072,5880238.8,2043257.6,200.5959587,790.038552,17S06E28R51
23089,5878400,2028759.4,200.7945355,370.018056,18S06E09K50
23092,5855451.5,2070119.1,246.5269093,840.040992,16S05E34R50
23094,5816977.8,2109765,114.6689323,560.027328,15S04E28L50
23095,5863346.3,2059212.3,189.9348159,724.0353312,17S05E12Q50
23096,5918328.1,1981843.7,311.1448671,300.01464,19S07E26D50
23099,5835301.5,2071237.3,120.900396,360.017568,16S05E31N51
23100,5916458.2,1972726.9,414.7857789,1000.0488,20S07E02D50
23101,5995086.4,1890003.7,536.8002374,230.011224,22S10E20F50
23105,5918401,1984420.6,304.5375643,218.0106384,19S07E23N50
23106,5813767,2138072.3,139.4168991,610.029768,14S04E32G53
23107,5767605.2,2152834.7,36.73205264,690.033672,14S02E14R50
23108,5813971.9,2097998.5,76.25379247,200.00976,16S04E05R50
23109,5797258.5,2125158.9,64.72500576,550.02684,15S03E11Q50
23110,5838081,2084698.6,123.0842651,960.046848,16S05E19G50
23111,5840918.1,2061231.7,130.7764934,200.00976,17S05E08L50
23118,5894146.9,2020512.2,230.0379523,165.008052,18S06E24B50
23119,5930719.6,1967074.6,307.1938323,250.0122,20S08E07A53
2312,5776974.2,2155531.6,61.80835019,626.0305488,14S03E17T51
23120,5764287.6,2139619.2,34.34048587,610.029768,14S02E35D50
23121,5925955.6,1976483.3,279.9790252,200.00976,19S07E36A50
23122,5760351.6,2143744.4,31.06336814,626.0305488,14S02E27K50
23123,5903950.3,1991243.5,445.4850541,520.025376,19S07E17K50
23124,5938305.6,1957441.5,300.9214793,170.008296,20S08E16P50
23125,5812412.7,2138111.2,133.994336,507.0247416,14S04E32F51
23126,5929513.4,1968378.6,300.9594274,220.010736,20S08E06Q50
23127,5928307.4,1969612.6,301.854287,210.010248,20S08E06L50
23128,5916458.2,1972726.9,414.7857789,1240.060512,20S07E02D51
23129,5909290.7,1991130.5,431.6992744,440.021472,19S07E16K50
2313,5856159.7,2071051.3,271.1005177,242.0118096,14S03E12T54
23131,5896624,2016001.7,269.1861153,320.015616,18S07E19N50
23132,5799384.1,2155819.8,139.3259212,505.024644,14S03E14A50
23134,5775169.9,2150916.3,68.48810219,614.0299632,14S03E19C51
23135,5754000.8,2146952.2,37.02212163,1180.057584,14S02E28C02
23137,5800806.9,2159699.7,158.1172102,285.013908,14S03E12E55
23139,5796838.8,2162438.6,162.3922808,750.0366,14S03E02P51
23140,5895043.6,2006193,314.1571114,642.0313296,18S06E36R50
23143,5876683.3,2059375.4,324.0051233,415.020252,17S06E09N51
23144,5767605.2,2152834.7,36.73205264,614.0299632,14S02E14R51
2315,5774373.6,2155641.8,68.4722752,260.012688,14S03E18E03
23154,5871057.8,2048988.3,178.0245017,310.015128,17S06E20N50
23155,5796688.2,2107660.1,161.2003445,505.024644,15S03E35B51
23157,5773975,2144591.3,47.73281359,530.025864,14S03E30E50
23158,5786174.7,2114882,43.59318348,720.035136,15S03E21Q50
23160,5879210.5,2012948.9,402.8001817,760.037088,18S06E28J50
23161,5893443,1998216.8,341.0562933,420.020496,19S06E12G50
23162,5875082.3,2048882.6,183.7285091,1196.058365,17S06E20R52
23163,5841116,2079204.8,127.2143393,660.032208,16S05E29E50
23164,5812334.6,2135441,114.9275728,520.025376,14S04E32P50
23165,5870744.1,2039505.1,171.6587803,640.031232,17S06E32M50
23166,5870655.2,2036953.2,186.7994905,330.016104,18S06E05D51
23167,5880093.5,1999938,412.6962044,300.01464,19S06E10D50
23169,5821325.1,2120350.2,193.9009323,700.03416,15S04E15M50
23170,5987326.6,1890086.1,784.1893652,340.016592,22S09E24H50
23171,5930689.5,1965712.4,303.1709064,330.016104,20S08E07H50
23172,5756334.7,2142260.7,24.73771313,560.027328,14S02E28R50
23173,5813662.2,2088997.4,125.1842653,724.0353312,16S04E17J50
23174,5845905.2,2054699.3,205.7830232,320.015616,17S05E16P51
23176,5992518.4,1893992.2,513.4799684,220.010736,22S10E18J50
23177,5992560,1895299.6,498.7930461,220.010736,22S10E18H50
23178,5993793.3,1892674.2,508.6196558,230.011224,22S10E17N51
23179,5993793.3,1892674.2,508.6196558,270.013176,22S10E17N52
2318,5770276,2131575,38.06909766,524.0255712,15S02E01Q50
23181,5767818.3,2175088.4,108.7304151,1170.057096,13S02E26J50
23183,5901010.8,2029511.7,201.6633622,110.005368,18S07E07A50
23186,5857329.4,1988786.8,486.9567883,86.0041968,19S05E23H01
23188,5784408.2,2186488.9,228.2353417,340.016592,13S03E17H01
23190,5840529.1,2107913.5,428.8324894,640.031232,15S05E30R50
23192,5937227.6,1883695.2,1167.340232,293.0142984,22S08E28P50
23193,5798114.6,2110250.1,71.71826664,480.023424,15S/03E-26J51
23194,5854687,1990180.7,633.1971642,260.012688,19S05E23C51
23195,5817539.5,2128546.5,154.7134694,390.019032,15S04E09C50
23196,5769174.2,2127416.5,33.22354151,500.0244,15S02E12L50
2320,5781044.1,2121450.2,52.17214935,178.0086864,15S03E17K51
23208,5944525.5,1954745,302.8724062,120.005856,21S09E22G50
23209,5945617.2,1953304.1,319.5747072,100.00488,21S08E22K50
2321,5803670.1,2118042.7,65.89230459,603.0294264,15S/03E-24A51
23211,5943905.5,1955080.4,302.8724062,135.006588,21S09E22F50
23214,5790821,2124425.7,62.77291185,596.0290848,15S/03E-15C50
23217,5922486.5,2004326.7,284.4948398,280.013664,19S/07E-01D50
23218,5925955.6,1976483.3,279.9790252,300.01464,19S07E36A51
23222,5901533.2,2012861.3,271.5644239,250.0122,18S07E29M50
23223,5769752.1,2098283.9,757.571465,820.040016,16S02E12B53
23229,5873839.6,2044107.5,173.0661916,670.032696,17S06E29K02
23232,5934713.7,1898252.6,1811.639474,431.0210328,22S08E17A50
23240,5795971.1,2178314.3,404.0877643,441.0215208,13S03E23N50
23243,5761479.6,2185746.8,64.85401309,565.027572,13S02E15K54
23248,5790138.9,2149393.5,83.48857208,500.0244,14S03E22E52
2325,5789294.6,2112209,93.60045879,536.0261568,15S03E27E04
23251,5880161.6,2040635.1,169.5270398,1020.049776,17S06E33A51
23252,5873784.8,2050228.4,180.9468821,1095.053436,17S06E20K50
23253,5783056.9,2185202.1,227.8521808,380.018544,13S03E17K55
23271,5785723,2186459,225.8436341,522.0254736,13S03E16E56
23275,5847249.1,2110460,529.2382993,340.016592,15S05E28E51
23277,5788225.2,2181125,223.6754099,450.02196,13S03E21G50
23278,5812490.5,2140764.8,154.2086919,500.0244,14S04E29P51
2328,5822116.2,2116275,191.8553877,720.035136,15S04E22F50
23280,5988906.5,1848005.3,1062.784661,185.009028,23S10E31F50
23282,5804631.7,2124181.5,66.0160665,720.035136,15S04E18D50
23283,5780091.7,2172146.2,71.96746386,440.021472,13S03E32D50
23284,5800715.5,2155778.8,144.2179741,510.024888,14S03E13D51
23285,5783571.4,2150960.5,84.20531838,665.032452,14S03E20A51
23289,5864651.6,2011946.6,1080.651816,800.03904,18S06E30N50
23290,5853342,1990224.7,746.69172,370.018056,19S05E23D50
23291,5805093.5,2119470,73.5563973,540.026352,15S04E18N51
23292,5854687,1990180.7,633.1971642,130.006344,19S05E23C53
23295,5772691.6,2145958.7,46.49000652,510.024888,14S02E25A50
23297,5783664.7,2120361.3,65.19727333,568.0277184,15S03E16N51
23298,5784371.8,2185170.7,335.7108406,505.024644,13S03E17J53
23299,5928387.6,1927214.1,701.5527859,55.002684,21S08E18K50
23304,5851158.9,2050516.7,227.513927,500.0244,17S05E22L50
23307,5812451.7,2139444.7,140.2641984,600.02928,14S04E32C50
23308,5809870.8,2096775.2,162.0084065,500.0244,16S04E08D50
23311,5959725.8,1938612.7,350.9849858,65.003172,21S09E06F50
23312,5808515.9,2096797.2,205.8114092,500.0244,16S04E07A50
23314,5809919.8,2146091.8,231.5546504,150.00732,14S04E19R50
23315,5809919.8,2146091.8,231.5546504,300.01464,14S04E19R51
23316,5936594.6,1955515.4,295.944719,130.006344,20S08E21D50
23317,5812641.1,2146009.4,300.0248424,100.00488,14S04E20P50
23318,5991461.8,1900583.1,410.6452539,190.009272,22S10E07G51
23319,5794479.2,2122522.3,63.38158987,660.032208,15S/03E-14E51
23320,5904458.5,1997437.8,280.4341273,340.016592,19S07E08G50
23325,5928387.6,1927214.1,701.5527859,36.0017568,21S08E18K51
23331,5832085.9,1977836.6,845.9956827,200.00976,19S05E31M51
23332,5909739.1,2060975.6,1909.875232,50.00244,17S07E09F50
23340,5851620.2,2084021.4,295.1725399,690.033672,16S05E22E50
23342,5864732.4,2014548,1119.617923,480.023424,18S06E30E50
23343,5780188.9,2176075.5,90.31228673,500.0244,13S03E29E55
23344,5840529.1,2107913.5,428.8324894,290.014152,15S05E30R51
23351,5786776.8,2175907.8,324.8907712,620.030256,13S03E28F50
23359,5766738.5,2166006.2,54.73953215,600.02928,14S02E02G50
23397,5840604.4,2092210.6,182.3856562,825.04026,16S05E07R50
23398,5825034.9,2113546.9,202.531976,920.044896,15S04E22R50
23399,5813198,2125245.1,112.2924165,820.040016,15S04E08Q50
23408,5830359.2,2106117.8,240.976969,920.044896,15S04E36E51
23409,5762757.6,2184398.2,72.45471917,540.026352,13S02E15R53
23410,5949642.7,1954448,309.1180594,105.005124,20S08E23F53
23412,5766746,2144121.1,34.65343528,618.0301584,14S02E26J51
23413,5875169.4,2024261.3,322.2198268,380.018544,18S06E16M50
23414,5846538.9,2082444,183.3849198,780.038064,16S05E21M51
23415,5942991.9,1955121.1,302.5443112,125.0061,20S08E22E50
23419,5884381.5,2015950.2,246.3156206,216.0105408,18S06E27A50
23422,5818419.8,2115057.7,151.2604286,800.03904,15S04E21K50
23423,5805928.1,2111067,58.57697285,800.03904,15S/04E-30F51
23424,5891705.5,2034477.2,213.0746511,410.020008,18S06E01E04
23427,5861376.7,2042143.5,162.8144251,162.0079056,17S05E36C02
23430,5845658.1,2045639.7,745.2266123,460.022448,17S05E28N02
23431,5852875,2076252.8,243.0351571,560.027328,16S05E27N51
23434,5836313.7,2064264.3,133.290161,430.020984,17S05E07C03
23440,5837977.5,2086951.2,126.1676511,769.0375272,16S05E18Q50
23478,5798157.2,2161086.4,162.3737948,500.0244,14S03E11B51
23480,5778425.7,2155133.2,78.43039605,620.030256,14S03E18H50
23484,5778877.6,2131207.9,47.30491791,500.0244,15S03E05N50
23485,5802510.3,2122278.7,72.82261064,513.0250344,15S03E13G51
23486,5796718.4,2108954.4,124.3440749,200.00976,15S03E26Q50
23491,5939127.5,1931013.5,629.3295102,203.0099064,21S08E09Q50
23493,5953739,1988658.5,577.6022725,242.0118096,19S08E13N50
23497,5826417.6,2118846.5,243.6634288,376.0183488,15S04E14N52
235,5824827.7,2086086.6,103.3499151,670.032696,16S04E22A50
2352,5832589.2,2107671.2,288.7363846,660.032208,15S04E25P51
23524,5774733.2,2174910.1,188.7244562,305.014884,13S03E30M51
23525,5767135.9,2124927.6,135.4797709,480.023424,15S02E13D50
2353,5822336.2,2105329.7,143.3460489,860.041968,15S04E34F51
23530,5847180.5,2053357.6,192.6885075,185.009028,17S05E21B50
23531,5853101.7,2083981.7,329.288998,823.0401624,16S05E22F01
23545,5762469.7,2166125.2,42.51639003,400.01952,14S02E03H50
23550,5940801.6,1941479.2,449.7509631,405.019764,20S08E33R51
23551,5768918.9,2151454.2,40.14886625,616.0300608,14S/02E-24D50
23602,5964114.1,1856593.7,1006.96168,475.02318,23S09E20Q51
23607,5840437.2,2105330.1,425.0029838,270.013176,15S05E31A02
23654,5818046.8,2099232.9,89.63390157,480.023424,16S04E04K51
23655,5826340.6,2074070.9,154.7712051,460.022448,16S04E35D03
23656,5938262.1,1954775.5,297.6424967,130.006344,20S08E21F03
23657,5826023.4,2104356.6,180.2425015,810.039528,15S04E35M50
23659,5789805.7,2191691.7,477.2958887,340.016592,13S03E09H53
23682,5978457.4,1906206.3,763.3502923,225.01098,22S09E02E50
23683,5946053.2,1937470.6,517.3923792,400.01952,21S08E03J50
23686,5760539.4,2204362.2,201.3540825,580.028304,12S02E34C50
23703,5866025.8,2014508.6,948.3594752,800.03904,18S06E30F50
23802,5999088.8,1889907.2,423.6624841,121.0059048,22S10E21E50
23813,5758618,2174018.4,30.49833295,273.0133224,13S02E27N50
23814,5757321.9,2174052.1,39.15050975,273.0133224,13S02E28R51
23815,5761075.6,2164941.6,22.55658193,273.0133224,14S02E03K50
23816,5768231.9,2167208.4,36.46251713,273.0133224,14S02E02A50
23817,5763862.6,2166086.5,30.11914591,273.0133224,14S02E02E50
23819,5749676.3,2178149.7,13.20936604,273.0133224,13S02E29C50
23820,5756133.1,2177998.5,12.69040646,273.0133224,13S02E28B50
23821,5762113.6,2155677.9,22.76001957,273.0133224,14S02E15A50
23823,5765058.5,2168566.7,11.79103955,273.0133224,13S02E35P50
23825,5745548.6,2173016.5,12.22485758,273.0133224,13S02E31B50
23826,5772076.1,2162042.7,62.87804515,273.0133224,14S02E12B50
23827,5763491.2,2155630.8,22.96979963,273.0133224,14S02E14E50
23828,5757321.9,2174052.1,39.15050975,273.0133224,13S02E28R52
23829,5765154.1,2162287.7,23.43445441,273.0133224,14S02E11C50
23834,5784567.1,2142922.9,42.69715674,69.0033672,14S03E28M03
23846,5784461.7,2140295.6,51.73699382,70.003416,14S03E33D03
23869,5993793.3,1892674.2,508.6196558,230.011224,22S10E17N53
23870,5846759.8,2090772.3,236.041064,600.02928,16S05E16D50
23875,5774696.3,2173605.3,168.1453379,400.01952,13S03E30N50
23876,5807985.3,2126171.7,73.21020835,600.02928,15S04E07K51
23877,5764407.6,2200305.2,259.3302185,600.02928,12S02E35N50
23880,5789768.6,2190356.5,320.1280323,700.03416,13S03E09J56
23882,5776506.9,2189302.5,373.7654921,460.022448,13S03E07P50
23883,5781815.1,2187865.4,214.0096291,300.01464,13S03E17C54
23884,5778986.4,2181355.5,109.495385,403.0196664,13S03E19H52
23888,5781742,2185233.5,136.9803346,540.026352,13S03E17L55
23889,5765431.2,2186965.8,186.8265247,480.023424,13S02E14F52
23890,5868861.4,2064901.6,304.9424777,610.029768,17S06E06Q50
23893,5895005.3,2004869.8,316.2031808,800.03904,19S06E01A50
23896,5840062,2086855.2,137.8117889,650.03172,16S05E18R50
23897,5796737.6,2158517.5,132.2442044,690.033672,14S03E11L50
23898,5949314.7,1957178.5,322.8825749,120.005856,20S08E14P50
239,5747520.9,2156857.3,22.24756355,500.0244,14S/02E-08M02
23905,5769583.7,2194849,181.0791248,460.022448,13S02E01N52
23906,5769389,2185547.6,224.2304136,420.020496,13S02E13M52
23907,5779240.4,2190566,212.7434987,520.025376,13S03E07J54
23914,5756384.5,2188514.7,9.907685917,720.035136,13S02E16B50
23918,5756353.7,2187194.8,68.91778451,730.035624,13S02E16G50
23919,5779443.8,2199980.2,216.8478278,400.01952,12S03E31R51
23922,5778849.6,2176110,93.70803613,300.01464,13S03E30H52
23929,5780682.8,2194533.2,350.8288345,600.02928,13S03E05N54
23930,5765296.8,2180391.9,112.0338787,400.01952,13S02E23L51
23939,5779204.5,2189242.9,195.2062123,350.01708,13S03E07R50
23940,5788571.1,2194396.9,606.8045997,700.03416,13S03E04Q50
23941,5787107.8,2189078,317.7711439,770.037576,13S03E09P53
23942,5781889.1,2190516,376.3842876,490.023912,13S03E08L51
23943,5786877.1,2179845.9,291.1738698,540.026352,13S03E21L52
23945,5781705.4,2183917.6,185.6538503,295.014396,13S03E17P52
23946,5780321.8,2181322.6,85.15151812,500.0244,13S03E20E52
23947,5777855.7,2189272.7,470.0033922,680.033184,13S03E07Q50
23948,5769359.7,2184232,150.403079,630.030744,13S02E13N53
23949,5778849.6,2176110,93.70803613,370.018056,13S03E30H53
23954,5764380.7,2198988.9,147.5896993,400.01952,13S02E02D52
23955,5766901.4,2194955,103.3041098,560.027328,13S02E02Q53
23956,5768102.6,2189547.4,243.9465878,425.02074,13S02E11R50
23957,5780644.5,2193191,310.1351368,540.026352,13S03E08D52
23958,5787261,2194423.3,568.7286712,440.021472,13S03E04P50
23959,5873591.6,2044741.8,178.4590026,500.0244,17S06E29K03
23960,5768208.1,2194904.3,190.1282612,530.025864,13S02E02R03
23972,5766740.6,2186933.5,260.3326896,480.023424,13S02E14G02
23973,5761479.6,2185746.8,64.85401309,500.0244,13S02E15K01
23979,5768051.1,2186901.2,268.7834548,350.01708,13S02E14H02
23980,5777632.2,2181388.7,235.0282047,440.021472,13S03E19G02
23981,5785652,2183821,207.45443,460.022448,13S03E16N04
23982,5772509.2,2196086.4,348.5131232,497.0242536,13S02E01K02
23996,5974503.4,1904945.6,706.7246937,200.00976,22S09E03L01
24008,5813767,2138072.3,139.4168991,500.0244,14S04E32G01
24034,5881877.1,2011609,353.9514438,660.032208,18S06E27P01
2404,5856160.6,2071050.4,271.635658,1040.050752,16S05E35N52
24046,5949380.5,1959841.4,381.5604006,340.016592,20S08E14F03
24047,5918401,1984420.6,304.5375643,250.0122,19S07E23N01
24051,5781742,2185233.5,136.9803346,200.00976,13S03E17L02
24066,5785723,2186459,0,399.0194712,13S03E16E02
24067,5833781.2,2108077,314.36495,720.035136,15S04E25Q02
2408,5753654,2135649.5,172.7413116,570.027816,15S02E04C01
24096,5784242.1,2179911,196.1179934,292.0142496,13S03E20J01
2410,5756248,2135812,166.8953338,490.023912,15S02E04A50
24126,5767704.1,2123564.8,196.6984544,500.0244,15S02E13E01
24163,5768308,2198896.6,426.3292654,690.033672,13S02E02A01
2419,5752909,2158613.8,16.93557083,636.0310368,14S02E09N02
2420,5854855.2,2065100.5,169.5583114,810.039528,17S05E03R50
2426,5775220.6,2125528.8,47.40950355,638.0311344,15S03E07Q50
2428,5788780.1,2112555.9,87.4935841,518.0252784,15S03E27E02
243,5773907.1,2162374.3,72.59418977,678.0330864,14S/02E-12H01
2437,5766457.5,2162329.6,51.69074769,822.0401136,14S/02E-11B01
24376,5793348.4,2130769.6,60.12046117,84.0040992,15S03E03R03
24377,5793348.4,2130769.6,60.12046117,69.0033672,15S03E03R04
24378,5793348.4,2130769.6,0,90.004392,15S03E03R05
24379,5776155.6,2131291.5,42.13659597,20.000976,15S03E06Q01
2438,5933794.9,1972549.1,342.7581458,296.0144448,20S08E05C02
24399,5785874.2,2191772.7,416.4603021,395.019276,13S03E09E01
24400,5766998.2,2198927.4,376.5641907,600.02928,13S02E02B01
24401,5783167.4,2189160.6,238.7164562,440.021472,13S03E08Q03
24496,5847118.1,2050760.2,381.7422062,1020.049776,17S05E21K01
24518,5763039.7,2197709.6,115.0422932,480.023424,13S02E03H02
24519,5796607.7,2153234.7,130.731987,500.0244,14S03E14L02
24520,5775992.1,2127207.5,44.38628597,650.03172,15S03E07K01
24524,5817574.4,2084894.8,119.6441907,270.013176,16S04E21G01
24525,5818839.1,2082207.7,221.9407354,508.0247904,16S04E21R01
24542,6012481.9,1900187.7,652.677214,200.00976,22S10E11G01
24565,5888224.8,2045807.5,272.5186408,450.02196,17S06E26D02
24586,5766846,2192273.4,163.9637859,440.021472,13S02E11G04
24587,5947999.7,1958545.2,329.7132108,160.007808,20S08E14M01
24588,5801507,2127338.2,66.91092003,930.045384,15S03E12F03
24589,5800543.4,2123971.2,69.85537065,930.045384,15S03E13D01
246,5914209.8,1995044.9,317.6403776,244.0119072,19S07E10P02
24644,5821509.1,2083473.8,101.513239,580.028304,16S04E22L05
24645,5812411.1,2091688,122.3359037,115.005612,16S04E17B01
24646,5758964.3,2142459.6,30.50470979,710.034648,14S02E27P04
24674,5941134.7,1954721.6,300.5720362,125.0061,20S08E21H01
24675,5941134.7,1954721.6,300.5720362,125.0061,20S08E21H02
2478,5849993.7,2071739.9,150.6464733,630.030744,16S05E34M50
24794,5778645.9,2168242,104.9770998,760.037088,13S03E31R01
24814,5796111.2,2183574.2,399.0815166,30.001464,13S03E14N01
24833,5761831.6,2147684.9,26.02903328,672.0327936,14S02E22R01
24835,5804583.3,2102279,0,460.022448,16S04E06D02
2485,5841188.7,2096940.7,252.3081579,640.031232,16S05E05N50
2487,5853525.7,2077634.3,269.9967316,1120.054656,16S05E27L51
24995,5992939.8,1905847.1,385.2086514,130.006344,22S10E06H01
24996,5789162.5,2157474.1,132.9657193,700.03416,14S03E09R01
24999,5989149.6,1912573.4,379.7939358,160.007808,21S10E31D01
25033,5921671.3,1992844.9,261.3606931,200.00976,19S07E14H01
25054,5816948.3,2108433.4,110.5984837,822.0401136,15S04E28P02
25073,5861322.1,2044736.6,161.5659817,290.014152,17S05E25L03
2518,5861177.7,2066021.6,267.8583852,900.04392,17S05E01M50
2520,5845110.2,2082871.3,166.7826111,870.042456,16S05E20J50
25314,5770934.2,2190793,173.0302067,400.01952,13S02E12L03
25318,5835031.2,2102909.8,302.1756946,760.037088,15S04E36R04
25336,5760063.7,2180522.5,52.49079961,610.029768,13S02E22L01
2534,5862743.2,2066267.4,281.4912309,860.041968,17S05E01L50
25354,5829036.5,2110165.6,251.9054543,670.032696,15S04E26H01
2537,5862581.9,2050968.5,171.1327887,287.0140056,17S05E24G50
25373,5804293.5,2141009.9,148.4955604,812.0396256,14S03E25R01
2540,5895406.8,2026915.7,222.776041,231.0112728,18S06E12R01
25413,5828403.5,2105606.8,227.6626906,900.04392,15S04E35G01
25415,6009483.7,1879133.6,544.6179499,547.0266936,22S10E35E01
25434,5903297.3,2013837.4,262.0908439,250.0122,18S07E29D02
25453,5942521.7,1954691.9,301.8844252,125.0061,20S08E22E01
25493,5941134.7,1954721.6,300.5720362,125.0061,20S08E21H03
25494,5942521.7,1954691.9,301.8844252,125.0061,20S08E22E02
25513,6003852.4,1891869.4,471.958371,190.009272,22S10E15N02
25533,5791484.7,2115791.4,61.29048846,617.0301096,15S03E22K01
25553,5790710.2,2129504.3,60.34497083,980.047824,15S03E10D04
25573,5757584.5,2185843.8,65.06439234,660.032208,13S02E16J01
25597,5946653.6,1958587.8,322.2692222,130.006344,20S08E15J02
25633,5936840.9,1956135.3,293.7050792,124.0060512,20S08E21D04
25635,5936825.8,1954802.5,298.2326199,115.005612,20S08E21E03
25636,5938262.1,1954775.5,297.6424967,120.005856,20S08E21F04
25637,5938262.1,1954775.5,297.6424967,110.005368,20S08E21F05
25638,5941134.7,1954721.6,300.5720362,160.007808,20S08E21H04
25655,5812534.8,2095481.2,89.61566595,421.0205448,16S04E08G01
25657,5809907.2,2098068.5,104.7836733,615.030012,16S04E05N01
2571,5893418.3,2009886.1,305.8996008,900.04392,18S06E36B50
2590,5762394.5,2141034.3,34.69563943,469.0228872,14S02E34A01
2595,5955874.4,1946644.6,340.2504515,80.003904,20S08E25Q01
2598,5952649.4,1949855.4,319.1143189,62.0030256,20S08E25D01
26-01,5776943.494,2137904.075,45.94097733,800,
2659,5753028,2162823.1,14.5475941,610.029768,14S/02E-09D04
266,5851401.2,2068946.9,157.4907033,631.0307928,17S/05E-03D01
2686,5766196,2156620.6,20.18349151,766.0373808,14S02E14B50
2689,5750444,2180618.1,12.52895386,750.0366,13S02E20K50
2698,5756273.5,2166408.1,12.75250951,630.030744,14S02E04G02
2699,5755968.5,2156003.8,22.58234781,620.030256,14S02E16G01
270,5815458.1,2117037.7,124.8140284,823.0401624,15S04E21E52
271,5791439.1,2162655.1,162.2953454,690.033672,14S/03E-10B01
2718,5750272,2156722.3,12.89691316,635.030988,14S02E17B03
2721,6005436.5,1878435.8,441.3704989,140.006832,22S10E34L50
2742,5795270.1,2150703.8,104.7674575,750.0366,14S03E22A01
2743,5831608.6,2079248.8,113.2456151,570.027816,16S04E25F51
2746,5755461.5,2159950.6,15.82692561,630.030744,14S/02E-09K02
2749,5823705.3,2113582.4,192.5528605,810.039528,15S04E22Q50
2750,5820511.1,2113411.1,162.3479164,930.045384,15S04E22N50
2752,5794030.4,2169730.8,200.93348,950.04636,13S03E34Q50
2753,5819659,2090342.3,102.4323613,380.018544,16S04E16H50
2774,5806202.1,2166182.7,1220.547096,870.042456,14S04E06D50
2775,5830171.4,2068024,209.1694988,540.026352,17S04E01L01
2776,5825370.1,2096391,103.4792756,1000.0488,16S04E11D51
2777,5768566.4,2143455.7,36.4330141,590.028792,14S02E25M50
2779,5753572.5,2150105.8,145.7680934,614.0299632,14S02E21E01
278,5792378.6,2164662.1,173.3766849,910.044408,14S03E03T52
2784,5754181,2151255.8,30.99517542,300.01464,14S/02E-21F02
2785,5784067.3,2162971.2,130.2190116,820.040016,14S03E05R51
279,5756052.5,2156039.6,22.49717849,606.0295728,14S/02E-16H01
2791,5752558.5,2147858.8,138.4847659,600.02928,14S02E21N01
2794,5830171.4,2068024,209.1694988,608.0296704,17S04E01F02
2796,5764564.6,2149920.9,32.8261783,700.03416,14S02E23F50
2799,5807842.9,2124759.7,72.79058754,690.033672,15S04E07Q52
2800,5802209.1,2163615,365.5888995,700.03416,14S03E01L50
2801,5831533.8,2076575.7,107.4441591,700.03416,16S04E25P50
2802,5763300,2150309.4,31.89212209,600.02928,14S02E23E50
2803,5895510.7,1999582.4,327.0970812,420.020496,19S07E07D50
2805,5753574.6,2166899.8,12.74340342,820.040016,14S02E04D01
2806,5849535.6,2070086.9,143.1697212,1020.049776,17S05E04A02
2818,5845007,2066688.5,132.7557656,610.029768,17S05E04M50
2821,5900299.1,2003958.4,285.4803419,230.011224,19S07E06H03
2825,5991461.8,1900583.1,410.6452539,180.008784,22S10E07G50
2827,5788299.8,2129099,62.77496178,615.030012,15S03E09A51
2828,5803363.3,2107475.9,57.44423033,760.037088,15S03E36A50
2829,5823358,2100476.3,122.5050556,920.044896,16S04E03G52
2830,5797592.8,2138560.4,92.7054086,810.039528,14S03E35G50
2832,5773404.6,2160690.1,68.590676,735.035868,14S02E12G50
2834,5782374.1,2167152.8,131.6712777,707.0345016,14S03E05B01
2861,5853861.7,2049044.5,213.8990139,480.023424,17S05E22R50
2862,5893641.7,2039494.3,203.0676464,174.0084912,17S06E36D01
2864,5989502.2,1912932,407.833713,140.006832,21S10E31C01
296,5786577.1,2126652.8,60.49328975,252.0122976,15S03E09K01
304,5768195.5,2170811.6,15.06398218,580.028304,
315,5750713,2166262.8,12.74340342,552.0269376,14S02E05G03
317,5794585.6,2158831.3,151.153725,505.024644,14S03E10J01
323,5805242.6,2118088.5,73.28219963,451.0220088,15S/04E-19D02
33,5847346.2,2071404.6,142.184334,272.0132736,16S05E33Q01
333,5894353.8,2003485.3,320.7993475,300.01464,19S06E01H01
337,5933470.9,1964354.3,323.6237874,111.0054168,20S08E08Q03
351,5869276.7,2035915.6,184.3510735,246.0120048,18S/06E-06H01
353,5756969,2157127.8,22.76029634,669.0326472,14S02E16A02
355,5946451.9,1959763.8,328.1207921,170.008296,20S08E15H03
361,5901462.3,2012836,272.1468823,254.0123952,18S07E29M01
367,5879262.3,2013074.5,400.3084999,754.0367952,18S06E28J01
370,5770050.5,2139301.8,37.5459824,516.0251808,14S02E36G01
374,5775973.6,2138058,44.42770552,650.03172,14S03E31L01
378,5826089.7,2106670.2,199.9829274,754.0367952,15S04E26T50
38,5810061.6,2098888.5,89.07511806,185.009028,16S/04E-05M02
380,5833007.7,2088252.8,116.2003866,233.0113704,16S/04E-13K01
388,5795576.6,2119419.5,63.07719141,820.25,388
397,5810059.1,2107609.5,86.03580811,348.0169824,15S/04E-32D02
402,5772237.6,2147214.5,50.9791491,625.0305,14S02E24R50
403,5899618.3,2019641.7,230.2761684,265.012932,18S07E19G02
407,5760287,2156537.6,22.76001957,660.032208,14S/02E-15B01
420,5829989.2,2091404.9,113.4535663,572.0279136,16S/04E-13D01
423,5770299.5,2131521.5,38.0475863,378.0184464,15S/02E-01K01
43,5767378.5,2156214.6,43.57502957,232.0113216,14S02E14A01
44,5894117.3,2028562.7,222.7609096,350.01708,18S06E12K01
441,5816575.1,2101657.2,92.97138334,466.0227408,16S/04E-04C01
45,5889198.8,2030331.8,213.0944684,240.011712,18S06E11B01
46,5919748.8,1983488,285.5675961,212.0103456,19S07E26B02
465,5837832.7,2078964.4,122.7535443,326.0159088,16S05E30G01
471,5850329.2,2058019.7,138.8189409,330.016104,17S/05E-15C01
48,5751829.5,2162231.1,15.19603817,515.025132,14S/02E-08A01
489,5844236.7,2062260,125.4373236,194.0094672,17S/05E-09E01
499,5801520.1,2141980,136.9123081,801.0390888,14S03E25L02
506,5824325.7,2089474.2,109.343337,518.0252784,16S04E15H02
515,5792902.6,2116274.2,63.15483361,820.25,515
520,5852236.7,2065266.9,153.0849555,299.0145912,17S05E03P01
524,5790862.6,2111267.2,121.8770831,550.02684,15S03E27G01
527,5763252,2139333.3,33.20260439,422.0205936,14S02E35M01
528,5780201.1,2127287,52.7486359,494.0241072,15S03E08F05
531,5764582,2149975.3,32.76874096,364.0177632,14S02E23F01
535,5790157.1,2111629.5,123.6677211,540.026352,15S03E27K02
536,5781428.6,2134620.3,49.33264318,614.0299632,15S03E05C02
545,5815904.6,2097862.4,83.43454733,820.25,545
546,5824903.2,2092812.2,108.7584984,484.0236192,16S04E10R02
552,5880605.8,2022808.2,276.7967574,288.0140544,18S06E15M01
559,5822583.7,2092054.6,102.5841666,615.030012,16S04E15B50
562,5824475.7,2092267.1,107.6090251,610.029768,16S04E10R50
566,5826518.7,2089162.2,106.6439195,546.0266448,16S/04E-14M01
567,5888462.3,2025274.4,230.3478703,600.02928,18S/06E-14B01
57,5782760.6,2157853.1,68.08847673,806.0393328,14S/03E-08Q03
571,5822092.2,2089165.4,104.1785674,365.017812,16S04E15L01
573,5824942.2,2088128.6,105.725232,356.0173728,16S04E15R01
576,5824374.2,2087382.1,103.025822,312.0152256,16S04E15R02
578,5817787.6,2098807,88.84139671,370.018056,16S/04E-04K01
58,5835766.2,2063392.3,208.5476101,480.023424,17S05E07F51
583,5822883.2,2093938.1,102.8759201,658.0321104,16S04E10K01
587,5747154,2162659.6,11.87781676,600.02928,14S/02E-07A01
597,5779551.6,2150362.1,65.64435896,638.0311344,14S/03E-20D01
60,5896886.8,2016217.8,267.4031378,240.011712,18S07E19N01
603,5805301.6,2126922.5,63.63330968,568.0277184,15S04E07E02
621,6006069,1888221.8,477.6810066,168.0081984,22S10E22A01
633,5841110.2,2096934.6,251.3404297,550.02684,16S05E05N01
636,5816398.6,2108900.2,108.5166334,604.0294752,15S04E28P01
64,5922238.9,1972379.8,288.005031,90.004392,20S07E01D03
643,5806620.1,2116393.5,74.44744178,600.02928,15S04E19F50
646,5803563.1,2130740,81.13933711,806.0393328,15S/03E-01R01
648,5795641.1,2111691.2,63.66105672,316.0154208,15S/03E-26F01
656,5800442,2109713.8,67.46344047,392.0191296,15S/03E-25L01
657,5794566.9,2112905.3,62.78770561,199.0097112,15S/03E-26D01
66,5810940.6,2098217.2,91.43732573,210.010248,16S/04E-05P01
670,5784097.1,2142501.5,48.99941645,586.0285968,14S/03E-28M02
671,5785661.1,2148135.1,81.22716097,668.0325984,14S/03E-21L01
680,5845032.2,2084535,170.7294519,653.0318664,16S/05E-20H01
700,5804878.6,2110474.6,62.90764518,176.0085888,15S/04E-30M01
701,5846152.9,2082230.2,175.9188227,652.0318176,16S05E20R01
703,5934032.9,1959006,302.4203151,224.0109312,20S08E17K02
705,5824971.7,2075988.7,165.7418796,255.012444,16S04E35D02
708,5881899.3,2032688.1,193.4987005,195.009516,18S06E03P01
726,5933771.4,1972812.2,364.3926221,364.0177632,19S08E32T52
731,5767734.5,2146147.5,32.76421333,478.0233264,14S02E26A04
734,5777766.6,2153737.1,73.20890496,513.0250344,14S03E18J01
736,5931615.4,1971971.7,327.5159167,230.011224,20S08E05D01
75,5746325,2179188.9,12.88120561,1562.076226,13S02E19Q03
761,5789526.6,2112062.2,96.91793252,508.0247904,15S03E27E01
768,5906173.8,2012746.3,257.2710529,218.0106384,18S07E29J01
773,5824093.7,2110662.2,191.3665803,608.0296704,15S04E27G01
776,5893519.8,2029992.3,219.2180364,220.010736,18S06E12C02
779,5897508.3,2031385.3,195.5663991,194.0094672,18S07E07C01
780,5757865,2159392.1,22.42839283,588.0286944,14S/02E-10M02
783,5893573.3,2025987.6,224.1322391,244.0119072,18S/06E-12Q01
787,5893093.3,2030800.4,217.0061786,236.0115168,18S/06E-12C01
788,5890589.3,2027530.6,213.6961815,235.011468,18S06E11J01
795,5894719.3,2031527.6,213.9705701,243.0118584,18S06E01Q01
796,5891961.3,2031688.2,215.1827902,405.019764,18S06E01N01
805,5779555.6,2153725.3,82.36178806,600.02928,14S03E17M01
806,5808279.6,2135253,105.1252819,710.034648,14S04E31Q02
809,5808921.1,2133789,102.8994296,710.034648,
815,5774884.1,2151113.3,63.35232224,360.017568,14S03E18P50
817,5765268,2145381.3,32.21531759,606.0295728,14S02E26T50
825,5897973.3,2009696.8,292.0575538,252.0122976,18S07E31C03
826,5838068.2,2084676.9,123.0842651,530.025864,16S/05E-19G01
838,5862221.2,2039427.5,172.1041541,510.024888,17S05E36K50
841,5833297.7,2106534.5,296.0363758,720.035136,15S04E25P50
861,5758779,2153588.8,22.76029634,595.029036,14S02E15P01
866,5780040.6,2162418.1,106.6717994,800.03904,14S03E05N01
868,5781924.1,2161724.3,113.8394496,716.0349408,14S03E08B01
87,5814411.1,2094777.1,78.25569926,175.00854,16S04E08J01
871,5846876.2,2080262.5,171.8098971,832.0406016,16S05E28D01
872,5793553.1,2118824.7,62.9872774,600.02928,15S/03E-22A02
874,5835732.4,2095476.5,193.3965218,598.0291824,16S05E07E01
879,5765176,2149386.3,35.60825128,784.0382592,14S02E23L02
882,5760557.5,2164394.3,22.79424891,600.02928,14S/02E-03K02
884,5768765,2146329.8,33.00639743,700.03416,14S/02E-25D03
886,5768338,2150397.6,33.83520144,467.0227896,14S/02E-24E01
890,5762636.5,2148492.5,32.61841958,441.0215208,14S02E22Q50
891,5776000.6,2150840.1,69.58343477,500.0244,14S/03E-18P51
898,5787939.6,2120828.5,62.93472327,572.0279136,15S/03E-16J50
903,5797952.6,2122610.2,69.3128337,277.0135176,15S03E14H01
911,5852750.7,2062549.4,152.3016989,254.0123952,17S/05E-10G01
915,5847990.7,2077085.2,182.8084926,903.0440664,16S/05E-28P01
920,5775968.6,2164159.8,83.08937825,654.0319152,14S03E06L02
921,5778802.1,2124317.3,50.38825824,505.024644,15S03E17D50
922,5798991.6,2114325.2,56.17535896,820.25,922
924,5797869.1,2112522.2,62.14838873,570.027816,15S/03E-26A01
925,5932091.9,1960166.3,328.1188518,200.00976,20S08E17E04
931,5753233.5,2168629.8,12.55295327,600.02928,13S/02E-33N03
932,5753598,2166863.1,12.74340342,602.0293776,14S02E04E02
934,5750840.5,2165375.1,12.74340342,600.02928,14S02E05K02
943,5825928.2,2109494.2,197.8449435,703.0343064,15S04E26M01
953,5919881.8,1985932.1,279.0604702,201.0098088,19S07E23G01
960,5772280.1,2137943.3,39.73384314,544.0265472,14S/02E-36J02
964,5848159.2,2079107.9,190.3879173,865.042212,16S05E28F02
965,5877170.2,2027066.2,221.4245798,418.0203984,18S06E09P01
967,5796771.6,2122662.2,67.31820034,434.0211792,15S03E14G50
975,5769905,2158223.8,57.4475995,296.0144448,14S02E12N02
989,5767787,2144002.5,35.32873223,516.0251808,14S02E26J50
996,5789066.6,2125868,62.75492654,820.25,996
APN227021014,5766842.5,2153973.3,24.26765253,820.25,APN-227021014
APN227062005,5768199.5,2147403.3,36.58359906,820.25,APN-227062005
APN414013005,5766480.5,2145236.3,34.04990722,820.25,APN-414013005
APN414021010,5763773.5,2140672.3,35.04743136,820.25,APN-414021010
Armstrong,5742910,2156312,34.07401107,800,
bend in section C-C',5739746.553,2185420.419,-167.2901056,2500,
Cal Water 40-01,5779852.122,2120993.195,41.90428093,2500,
Castroville Water District well 3,5757907.455,2169711.772,23.03104388,2500,
County Test Hole No. 1 (Fontes),5761048.494,2148464.075,25.16826578,800,
Davies T14S/R4E-29,5812803.494,2139884.075,141.5805711,2000,
Davies T14S/R4E-30,5811043.494,2137959.075,130.4400699,800,
Fort Ord Site D (15S/2E-3E),5757637.001,2135009.878,190.053528,2500,
Hansen T15S/R4E-06,5805268.494,2133889.076,104.8518285,800,
Harbor Dev,5758385.316,2184046.766,48.0670167,800,
Hwy 101 (E. end of Tp),5812039.171,2113109.555,88.59461595,2500,
JR Gillbergh Pura 1,5868724.915,2021350.951,705.4595203,2500,
Lineberry Hwy 156,5773697.816,2178421.766,182.2617243,800,
Luzerne,5726751.132,2125076.853,-36.53624027,2000,
Marina No. 11 (14S/2E-32D),5747058.373,2141621.522,145.5268273,2500,
Marina No. 12,5744413.715,2146646.37,101.3852495,2500,
Marina Test well,5746313,2145201,121.9081504,800,
Monterey Bay fault zone,5710033.171,2163836.642,-298.1632665,2000,
Monterey County Mulligan Hill 1,5744466.295,2165392.773,10.40821817,2500,
MPWMD FO-09,5732121.539,2127444.079,115.5950177,2000,
MPWMD FO-10,5738065.31,2130644.572,205.7000898,2000,
Mty Dunes Colony #1,5741723.016,2170879.331,20.13261803,2500,
MW-3,5739964.057,2154561.738,36.10134773,800,
MW-4,5741396.349,2154171.113,41.1753698,800,
MW-5,5748553.467,2156189.342,76.35733971,800,
MW-6,5756148.953,2141126.408,21.46618275,800,
MW-7,5744130.724,2152109.481,51.81855936,800,
MW-8,5744846.87,2159401.148,26.19782582,800,
MW-9,5747338.189,2161940.21,12.6900474,800,
NE end section C-C',5778278.951,2187931.563,335.8059481,2000,
Nestle (Test hole),5788933.494,2130974.075,62.67203846,2500,
Ord Village,5728105.299,2127264.353,-48.55505257,800,
PG&E Co. No. 1 Test Hole,5751774.466,2187879.395,20.48517694,2500,
Playa T15S/R1E-24,5734146.966,2115649.77,367.1817324,2000,
Strawberry City No. 1,5766666.567,2180557.183,83.34080229,800,
Strawberry City No. 2,5770364.483,2180609.267,125.4003109,800,
T13S/R3E-5,5781868,2197770,268.1312631,800,
T14S/R2E-19,5744928.216,2149087.27,78.41781164,800,
T14S/R2E-31 (617ft),5746660,2140479,138.9273093,800,
T14S/R2E-31 (760ft),5741855.299,2137837.27,129.890437,800,
T14S/R3E-26,5795313.494,2144559.076,89.49405838,800,
T14S/R4E-20,5813243.493,2114914.075,96.54143951,800,
T15S/R1E-01 (836ft),5744928.216,2131899.77,302.9329617,800,
T15S/R1E-01 (856ft),5738261.549,2133618.52,161.2061396,800,
T15S/R1E-01 (862ft),5744876.132,2134816.437,216.7601495,800,
T15S/R1E-14,5732271.966,2124712.27,182.9521069,2000,
T15S/R2E-32E,5744928.216,2138931.02,143.0831637,800,
T15S/R4E-06,5805433.494,2130424.076,80.45157326,800,
T15S/R4E-09,5820503.493,2124924.075,189.3088393,800,
T16S/R5E-05,5842888.494,2096544.075,260.6864173,800,
TEPI King City Nose CH1 (#34),5929102.538,1976586.904,301.4645763,2000,
USGS DMW-1,5738331.004,2149819.959,23.01113313,2500,
xsec D syncline axis,5827498.92,2079728.805,102.9551424,2500,
